{
"type": "FeatureCollection",
"name": "iron_prospectivity",
"crs": { "type": "name", "properties": { "name": "urn:ogc:def:crs:OGC:1.3:CRS84" } },
"features": [
{ "type": "Feature", "properties": { "grid_id": "GRID-001", "commodity": "iron", "model_status": "BLOCKED_INSUFFICIENT_DATA", "prospectivity_score": "<NA>", "blocking_reason_fa": "رکوردهای آهن موجود مختصات معدن منفرد و لایه میزبان قابل مدل‌سازی ندارند." }, "geometry": { "type": "Polygon", "coordinates": [ [ [ 54.185069908519004, 29.132447301153398 ], [ 54.185136575004876, 29.130001916728833 ], [ 54.18, 29.13 ], [ 54.180000072673558, 29.132340653844306 ], [ 54.185069908519004, 29.132447301153398 ] ] ] } },
{ "type": "Feature", "properties": { "grid_id": "GRID-002", "commodity": "iron", "model_status": "BLOCKED_INSUFFICIENT_DATA", "prospectivity_score": "<NA>", "blocking_reason_fa": "رکوردهای آهن موجود مختصات معدن منفرد و لایه میزبان قابل مدل‌سازی ندارند." }, "geometry": { "type": "Polygon", "coordinates": [ [ [ 54.184947004560954, 29.136954727981301 ], [ 54.185069908519004, 29.132447301153398 ], [ 54.180000072673558, 29.132340653844306 ], [ 54.180000199505265, 29.136850656353495 ], [ 54.184947004560954, 29.136954727981301 ] ] ] } },
{ "type": "Feature", "properties": { "grid_id": "GRID-003", "commodity": "iron", "model_status": "BLOCKED_INSUFFICIENT_DATA", "prospectivity_score": "<NA>", "blocking_reason_fa": "رکوردهای آهن موجود مختصات معدن منفرد و لایه میزبان قابل مدل‌سازی ندارند." }, "geometry": { "type": "Polygon", "coordinates": [ [ [ 54.184824072530311, 29.141462151302171 ], [ 54.184947004560954, 29.136954727981301 ], [ 54.180000199505265, 29.136850656353495 ], [ 54.180000308960111, 29.141360656196351 ], [ 54.184824072530311, 29.141462151302171 ] ] ] } },
{ "type": "Feature", "properties": { "grid_id": "GRID-004", "commodity": "iron", "model_status": "BLOCKED_INSUFFICIENT_DATA", "prospectivity_score": "<NA>", "blocking_reason_fa": "رکوردهای آهن موجود مختصات معدن منفرد و لایه میزبان قابل مدل‌سازی ندارند." }, "geometry": { "type": "Polygon", "coordinates": [ [ [ 54.184701112421898, 29.145969571115558 ], [ 54.184824072530311, 29.141462151302171 ], [ 54.180000308960111, 29.141360656196351 ], [ 54.180000401036565, 29.145870653372537 ], [ 54.184701112421898, 29.145969571115558 ] ] ] } },
{ "type": "Feature", "properties": { "grid_id": "GRID-005", "commodity": "iron", "model_status": "BLOCKED_INSUFFICIENT_DATA", "prospectivity_score": "<NA>", "blocking_reason_fa": "رکوردهای آهن موجود مختصات معدن منفرد و لایه میزبان قابل مدل‌سازی ندارند." }, "geometry": { "type": "Polygon", "coordinates": [ [ [ 54.184578124230555, 29.150476987421069 ], [ 54.184701112421898, 29.145969571115558 ], [ 54.180000401036565, 29.145870653372537 ], [ 54.180000475733138, 29.150380647881668 ], [ 54.184578124230555, 29.150476987421069 ] ] ] } },
{ "type": "Feature", "properties": { "grid_id": "GRID-006", "commodity": "iron", "model_status": "BLOCKED_INSUFFICIENT_DATA", "prospectivity_score": "<NA>", "blocking_reason_fa": "رکوردهای آهن موجود مختصات معدن منفرد و لایه میزبان قابل مدل‌سازی ندارند." }, "geometry": { "type": "Polygon", "coordinates": [ [ [ 54.184455107951109, 29.154984400218254 ], [ 54.184578124230555, 29.150476987421069 ], [ 54.180000475733138, 29.150380647881668 ], [ 54.180000533048336, 29.154890639723387 ], [ 54.184455107951109, 29.154984400218254 ] ] ] } },
{ "type": "Feature", "properties": { "grid_id": "GRID-007", "commodity": "iron", "model_status": "BLOCKED_INSUFFICIENT_DATA", "prospectivity_score": "<NA>", "blocking_reason_fa": "رکوردهای آهن موجود مختصات معدن منفرد و لایه میزبان قابل مدل‌سازی ندارند." }, "geometry": { "type": "Polygon", "coordinates": [ [ [ 54.184332063578381, 29.159491809506715 ], [ 54.184455107951109, 29.154984400218254 ], [ 54.180000533048336, 29.154890639723387 ], [ 54.180000572980639, 29.159400628897338 ], [ 54.184332063578381, 29.159491809506715 ] ] ] } },
{ "type": "Feature", "properties": { "grid_id": "GRID-008", "commodity": "iron", "model_status": "BLOCKED_INSUFFICIENT_DATA", "prospectivity_score": "<NA>", "blocking_reason_fa": "رکوردهای آهن موجود مختصات معدن منفرد و لایه میزبان قابل مدل‌سازی ندارند." }, "geometry": { "type": "Polygon", "coordinates": [ [ [ 54.184208991107184, 29.163999215286033 ], [ 54.184332063578381, 29.159491809506715 ], [ 54.180000572980639, 29.159400628897338 ], [ 54.18000059552854, 29.163910615403161 ], [ 54.184208991107184, 29.163999215286033 ] ] ] } },
{ "type": "Feature", "properties": { "grid_id": "GRID-009", "commodity": "iron", "model_status": "BLOCKED_INSUFFICIENT_DATA", "prospectivity_score": "<NA>", "blocking_reason_fa": "رکوردهای آهن موجود مختصات معدن منفرد و لایه میزبان قابل مدل‌سازی ندارند." }, "geometry": { "type": "Polygon", "coordinates": [ [ [ 54.184085890532359, 29.168506617555771 ], [ 54.184208991107184, 29.163999215286033 ], [ 54.18000059552854, 29.163910615403161 ], [ 54.180000600690541, 29.168420599240495 ], [ 54.184085890532359, 29.168506617555771 ] ] ] } },
{ "type": "Feature", "properties": { "grid_id": "GRID-010", "commodity": "iron", "model_status": "BLOCKED_INSUFFICIENT_DATA", "prospectivity_score": "<NA>", "blocking_reason_fa": "رکوردهای آهن موجود مختصات معدن منفرد و لایه میزبان قابل مدل‌سازی ندارند." }, "geometry": { "type": "Polygon", "coordinates": [ [ [ 54.183962761848711, 29.173014016315516 ], [ 54.184085890532359, 29.168506617555771 ], [ 54.180000600690541, 29.168420599240495 ], [ 54.180000588465148, 29.172930580408966 ], [ 54.183962761848711, 29.173014016315516 ] ] ] } },
{ "type": "Feature", "properties": { "grid_id": "GRID-011", "commodity": "iron", "model_status": "BLOCKED_INSUFFICIENT_DATA", "prospectivity_score": "<NA>", "blocking_reason_fa": "رکوردهای آهن موجود مختصات معدن منفرد و لایه میزبان قابل مدل‌سازی ندارند." }, "geometry": { "type": "Polygon", "coordinates": [ [ [ 54.18383960505107, 29.177521411564854 ], [ 54.183962761848711, 29.173014016315516 ], [ 54.180000588465148, 29.172930580408966 ], [ 54.180000558850821, 29.177440558908227 ], [ 54.18383960505107, 29.177521411564854 ] ] ] } },
{ "type": "Feature", "properties": { "grid_id": "GRID-012", "commodity": "iron", "model_status": "BLOCKED_INSUFFICIENT_DATA", "prospectivity_score": "<NA>", "blocking_reason_fa": "رکوردهای آهن موجود مختصات معدن منفرد و لایه میزبان قابل مدل‌سازی ندارند." }, "geometry": { "type": "Polygon", "coordinates": [ [ [ 54.183716420134232, 29.182028803303361 ], [ 54.18383960505107, 29.177521411564854 ], [ 54.180000558850821, 29.177440558908227 ], [ 54.180000511846082, 29.181950534737922 ], [ 54.183716420134232, 29.182028803303361 ] ] ] } },
{ "type": "Feature", "properties": { "grid_id": "GRID-013", "commodity": "iron", "model_status": "BLOCKED_INSUFFICIENT_DATA", "prospectivity_score": "<NA>", "blocking_reason_fa": "رکوردهای آهن موجود مختصات معدن منفرد و لایه میزبان قابل مدل‌سازی ندارند." }, "geometry": { "type": "Polygon", "coordinates": [ [ [ 54.183593207093033, 29.186536191530596 ], [ 54.183716420134232, 29.182028803303361 ], [ 54.180000511846082, 29.181950534737922 ], [ 54.180000447449409, 29.186460507897664 ], [ 54.183593207093033, 29.186536191530596 ] ] ] } },
{ "type": "Feature", "properties": { "grid_id": "GRID-014", "commodity": "iron", "model_status": "BLOCKED_INSUFFICIENT_DATA", "prospectivity_score": "<NA>", "blocking_reason_fa": "رکوردهای آهن موجود مختصات معدن منفرد و لایه میزبان قابل مدل‌سازی ندارند." }, "geometry": { "type": "Polygon", "coordinates": [ [ [ 54.183469965922264, 29.191043576246173 ], [ 54.183593207093033, 29.186536191530596 ], [ 54.180000447449409, 29.186460507897664 ], [ 54.180000365659289, 29.190970478387118 ], [ 54.183469965922264, 29.191043576246173 ] ] ] } },
{ "type": "Feature", "properties": { "grid_id": "GRID-015", "commodity": "iron", "model_status": "BLOCKED_INSUFFICIENT_DATA", "prospectivity_score": "<NA>", "blocking_reason_fa": "رکوردهای آهن موجود مختصات معدن منفرد و لایه میزبان قابل مدل‌سازی ندارند." }, "geometry": { "type": "Polygon", "coordinates": [ [ [ 54.183346696616759, 29.195550957449662 ], [ 54.183469965922264, 29.191043576246173 ], [ 54.180000365659289, 29.190970478387118 ], [ 54.180000266474217, 29.19548044620592 ], [ 54.183346696616759, 29.195550957449662 ] ] ] } },
{ "type": "Feature", "properties": { "grid_id": "GRID-016", "commodity": "iron", "model_status": "BLOCKED_INSUFFICIENT_DATA", "prospectivity_score": "<NA>", "blocking_reason_fa": "رکوردهای آهن موجود مختصات معدن منفرد و لایه میزبان قابل مدل‌سازی ندارند." }, "geometry": { "type": "Polygon", "coordinates": [ [ [ 54.183223399171311, 29.200058335140643 ], [ 54.183346696616759, 29.195550957449662 ], [ 54.180000266474217, 29.19548044620592 ], [ 54.18000014989267, 29.199990411353703 ], [ 54.183223399171311, 29.200058335140643 ] ] ] } },
{ "type": "Feature", "properties": { "grid_id": "GRID-017", "commodity": "iron", "model_status": "BLOCKED_INSUFFICIENT_DATA", "prospectivity_score": "<NA>", "blocking_reason_fa": "رکوردهای آهن موجود مختصات معدن منفرد و لایه میزبان قابل مدل‌سازی ندارند." }, "geometry": { "type": "Polygon", "coordinates": [ [ [ 54.183100073580739, 29.204565709318679 ], [ 54.183223399171311, 29.200058335140643 ], [ 54.18000014989267, 29.199990411353703 ], [ 54.180000015913159, 29.204500373830093 ], [ 54.183100073580739, 29.204565709318679 ] ] ] } },
{ "type": "Feature", "properties": { "grid_id": "GRID-018", "commodity": "iron", "model_status": "BLOCKED_INSUFFICIENT_DATA", "prospectivity_score": "<NA>", "blocking_reason_fa": "رکوردهای آهن موجود مختصات معدن منفرد و لایه میزبان قابل مدل‌سازی ندارند." }, "geometry": { "type": "Polygon", "coordinates": [ [ [ 54.185069908519004, 29.132447301153398 ], [ 54.190203736082296, 29.13255509894681 ], [ 54.190273167546103, 29.130003636281359 ], [ 54.185136575004876, 29.130001916728833 ], [ 54.185069908519004, 29.132447301153398 ] ] ] } },
{ "type": "Feature", "properties": { "grid_id": "GRID-019", "commodity": "iron", "model_status": "BLOCKED_INSUFFICIENT_DATA", "prospectivity_score": "<NA>", "blocking_reason_fa": "رکوردهای آهن موجود مختصات معدن منفرد و لایه میزبان قابل مدل‌سازی ندارند." }, "geometry": { "type": "Polygon", "coordinates": [ [ [ 54.185069908519004, 29.132447301153398 ], [ 54.184947004560954, 29.136954727981301 ], [ 54.190081055554742, 29.137062545621259 ], [ 54.190203736082296, 29.13255509894681 ], [ 54.185069908519004, 29.132447301153398 ] ] ] } },
{ "type": "Feature", "properties": { "grid_id": "GRID-020", "commodity": "iron", "model_status": "BLOCKED_INSUFFICIENT_DATA", "prospectivity_score": "<NA>", "blocking_reason_fa": "رکوردهای آهن موجود مختصات معدن منفرد و لایه میزبان قابل مدل‌سازی ندارند." }, "geometry": { "type": "Polygon", "coordinates": [ [ [ 54.184947004560954, 29.136954727981301 ], [ 54.184824072530311, 29.141462151302171 ], [ 54.189958347005529, 29.141569988790344 ], [ 54.190081055554742, 29.137062545621259 ], [ 54.184947004560954, 29.136954727981301 ] ] ] } },
{ "type": "Feature", "properties": { "grid_id": "GRID-021", "commodity": "iron", "model_status": "BLOCKED_INSUFFICIENT_DATA", "prospectivity_score": "<NA>", "blocking_reason_fa": "رکوردهای آهن موجود مختصات معدن منفرد و لایه میزبان قابل مدل‌سازی ندارند." }, "geometry": { "type": "Polygon", "coordinates": [ [ [ 54.184824072530311, 29.141462151302171 ], [ 54.184701112421898, 29.145969571115558 ], [ 54.189835610429505, 29.146077428453669 ], [ 54.189958347005529, 29.141569988790344 ], [ 54.184824072530311, 29.141462151302171 ] ] ] } },
{ "type": "Feature", "properties": { "grid_id": "GRID-022", "commodity": "iron", "model_status": "BLOCKED_INSUFFICIENT_DATA", "prospectivity_score": "<NA>", "blocking_reason_fa": "رکوردهای آهن موجود مختصات معدن منفرد و لایه میزبان قابل مدل‌سازی ندارند." }, "geometry": { "type": "Polygon", "coordinates": [ [ [ 54.184701112421898, 29.145969571115558 ], [ 54.184578124230555, 29.150476987421069 ], [ 54.189712845821504, 29.150584864610781 ], [ 54.189835610429505, 29.146077428453669 ], [ 54.184701112421898, 29.145969571115558 ] ] ] } },
{ "type": "Feature", "properties": { "grid_id": "GRID-023", "commodity": "iron", "model_status": "BLOCKED_INSUFFICIENT_DATA", "prospectivity_score": "<NA>", "blocking_reason_fa": "رکوردهای آهن موجود مختصات معدن منفرد و لایه میزبان قابل مدل‌سازی ندارند." }, "geometry": { "type": "Polygon", "coordinates": [ [ [ 54.184578124230555, 29.150476987421069 ], [ 54.184455107951109, 29.154984400218254 ], [ 54.18959005317636, 29.15509229726127 ], [ 54.189712845821504, 29.150584864610781 ], [ 54.184578124230555, 29.150476987421069 ] ] ] } },
{ "type": "Feature", "properties": { "grid_id": "GRID-024", "commodity": "iron", "model_status": "BLOCKED_INSUFFICIENT_DATA", "prospectivity_score": "<NA>", "blocking_reason_fa": "رکوردهای آهن موجود مختصات معدن منفرد و لایه میزبان قابل مدل‌سازی ندارند." }, "geometry": { "type": "Polygon", "coordinates": [ [ [ 54.184455107951109, 29.154984400218254 ], [ 54.184332063578381, 29.159491809506715 ], [ 54.189467232488923, 29.159599726404718 ], [ 54.18959005317636, 29.15509229726127 ], [ 54.184455107951109, 29.154984400218254 ] ] ] } },
{ "type": "Feature", "properties": { "grid_id": "GRID-025", "commodity": "iron", "model_status": "BLOCKED_INSUFFICIENT_DATA", "prospectivity_score": "<NA>", "blocking_reason_fa": "رکوردهای آهن موجود مختصات معدن منفرد و لایه میزبان قابل مدل‌سازی ندارند." }, "geometry": { "type": "Polygon", "coordinates": [ [ [ 54.184332063578381, 29.159491809506715 ], [ 54.184208991107184, 29.163999215286033 ], [ 54.189344383754005, 29.164107152040714 ], [ 54.189467232488923, 29.159599726404718 ], [ 54.184332063578381, 29.159491809506715 ] ] ] } },
{ "type": "Feature", "properties": { "grid_id": "GRID-026", "commodity": "iron", "model_status": "BLOCKED_INSUFFICIENT_DATA", "prospectivity_score": "<NA>", "blocking_reason_fa": "رکوردهای آهن موجود مختصات معدن منفرد و لایه میزبان قابل مدل‌سازی ندارند." }, "geometry": { "type": "Polygon", "coordinates": [ [ [ 54.184208991107184, 29.163999215286033 ], [ 54.184085890532359, 29.168506617555771 ], [ 54.189221506966447, 29.168614574168835 ], [ 54.189344383754005, 29.164107152040714 ], [ 54.184208991107184, 29.163999215286033 ] ] ] } },
{ "type": "Feature", "properties": { "grid_id": "GRID-027", "commodity": "iron", "model_status": "BLOCKED_INSUFFICIENT_DATA", "prospectivity_score": "<NA>", "blocking_reason_fa": "رکوردهای آهن موجود مختصات معدن منفرد و لایه میزبان قابل مدل‌سازی ندارند." }, "geometry": { "type": "Polygon", "coordinates": [ [ [ 54.184085890532359, 29.168506617555771 ], [ 54.183962761848711, 29.173014016315516 ], [ 54.189098602121078, 29.173121992788641 ], [ 54.189221506966447, 29.168614574168835 ], [ 54.184085890532359, 29.168506617555771 ] ] ] } },
{ "type": "Feature", "properties": { "grid_id": "GRID-028", "commodity": "iron", "model_status": "BLOCKED_INSUFFICIENT_DATA", "prospectivity_score": "<NA>", "blocking_reason_fa": "رکوردهای آهن موجود مختصات معدن منفرد و لایه میزبان قابل مدل‌سازی ندارند." }, "geometry": { "type": "Polygon", "coordinates": [ [ [ 54.183962761848711, 29.173014016315516 ], [ 54.18383960505107, 29.177521411564854 ], [ 54.188975669212716, 29.177629407899733 ], [ 54.189098602121078, 29.173121992788641 ], [ 54.183962761848711, 29.173014016315516 ] ] ] } },
{ "type": "Feature", "properties": { "grid_id": "GRID-029", "commodity": "iron", "model_status": "BLOCKED_INSUFFICIENT_DATA", "prospectivity_score": "<NA>", "blocking_reason_fa": "رکوردهای آهن موجود مختصات معدن منفرد و لایه میزبان قابل مدل‌سازی ندارند." }, "geometry": { "type": "Polygon", "coordinates": [ [ [ 54.18383960505107, 29.177521411564854 ], [ 54.183716420134232, 29.182028803303361 ], [ 54.188852708236197, 29.182136819501689 ], [ 54.188975669212716, 29.177629407899733 ], [ 54.18383960505107, 29.177521411564854 ] ] ] } },
{ "type": "Feature", "properties": { "grid_id": "GRID-030", "commodity": "iron", "model_status": "BLOCKED_INSUFFICIENT_DATA", "prospectivity_score": "<NA>", "blocking_reason_fa": "رکوردهای آهن موجود مختصات معدن منفرد و لایه میزبان قابل مدل‌سازی ندارند." }, "geometry": { "type": "Polygon", "coordinates": [ [ [ 54.183716420134232, 29.182028803303361 ], [ 54.183593207093033, 29.186536191530596 ], [ 54.188729719186341, 29.186644227594073 ], [ 54.188852708236197, 29.182136819501689 ], [ 54.183716420134232, 29.182028803303361 ] ] ] } },
{ "type": "Feature", "properties": { "grid_id": "GRID-031", "commodity": "iron", "model_status": "BLOCKED_INSUFFICIENT_DATA", "prospectivity_score": "<NA>", "blocking_reason_fa": "رکوردهای آهن موجود مختصات معدن منفرد و لایه میزبان قابل مدل‌سازی ندارند." }, "geometry": { "type": "Polygon", "coordinates": [ [ [ 54.183593207093033, 29.186536191530596 ], [ 54.183469965922264, 29.191043576246173 ], [ 54.188606702057967, 29.191151632176489 ], [ 54.188729719186341, 29.186644227594073 ], [ 54.183593207093033, 29.186536191530596 ] ] ] } },
{ "type": "Feature", "properties": { "grid_id": "GRID-032", "commodity": "iron", "model_status": "BLOCKED_INSUFFICIENT_DATA", "prospectivity_score": "<NA>", "blocking_reason_fa": "رکوردهای آهن موجود مختصات معدن منفرد و لایه میزبان قابل مدل‌سازی ندارند." }, "geometry": { "type": "Polygon", "coordinates": [ [ [ 54.183469965922264, 29.191043576246173 ], [ 54.183346696616759, 29.195550957449662 ], [ 54.188483656845904, 29.195659033248507 ], [ 54.188606702057967, 29.191151632176489 ], [ 54.183469965922264, 29.191043576246173 ] ] ] } },
{ "type": "Feature", "properties": { "grid_id": "GRID-033", "commodity": "iron", "model_status": "BLOCKED_INSUFFICIENT_DATA", "prospectivity_score": "<NA>", "blocking_reason_fa": "رکوردهای آهن موجود مختصات معدن منفرد و لایه میزبان قابل مدل‌سازی ندارند." }, "geometry": { "type": "Polygon", "coordinates": [ [ [ 54.183346696616759, 29.195550957449662 ], [ 54.183223399171311, 29.200058335140643 ], [ 54.188360583544963, 29.200166430809706 ], [ 54.188483656845904, 29.195659033248507 ], [ 54.183346696616759, 29.195550957449662 ] ] ] } },
{ "type": "Feature", "properties": { "grid_id": "GRID-034", "commodity": "iron", "model_status": "BLOCKED_INSUFFICIENT_DATA", "prospectivity_score": "<NA>", "blocking_reason_fa": "رکوردهای آهن موجود مختصات معدن منفرد و لایه میزبان قابل مدل‌سازی ندارند." }, "geometry": { "type": "Polygon", "coordinates": [ [ [ 54.183223399171311, 29.200058335140643 ], [ 54.183100073580739, 29.204565709318679 ], [ 54.188237482149951, 29.204673824859668 ], [ 54.188360583544963, 29.200166430809706 ], [ 54.183223399171311, 29.200058335140643 ] ] ] } },
{ "type": "Feature", "properties": { "grid_id": "GRID-035", "commodity": "iron", "model_status": "BLOCKED_INSUFFICIENT_DATA", "prospectivity_score": "<NA>", "blocking_reason_fa": "رکوردهای آهن موجود مختصات معدن منفرد و لایه میزبان قابل مدل‌سازی ندارند." }, "geometry": { "type": "Polygon", "coordinates": [ [ [ 54.190203736082296, 29.13255509894681 ], [ 54.195337591662081, 29.132662700477155 ], [ 54.195409777572479, 29.130005158656196 ], [ 54.190273167546103, 29.130003636281359 ], [ 54.190203736082296, 29.13255509894681 ] ] ] } },
{ "type": "Feature", "properties": { "grid_id": "GRID-036", "commodity": "iron", "model_status": "BLOCKED_INSUFFICIENT_DATA", "prospectivity_score": "<NA>", "blocking_reason_fa": "رکوردهای آهن موجود مختصات معدن منفرد و لایه میزبان قابل مدل‌سازی ندارند." }, "geometry": { "type": "Polygon", "coordinates": [ [ [ 54.190203736082296, 29.13255509894681 ], [ 54.190081055554742, 29.137062545621259 ], [ 54.195215134570176, 29.137170166962061 ], [ 54.195337591662081, 29.132662700477155 ], [ 54.190203736082296, 29.13255509894681 ] ] ] } },
{ "type": "Feature", "properties": { "grid_id": "GRID-037", "commodity": "iron", "model_status": "BLOCKED_INSUFFICIENT_DATA", "prospectivity_score": "<NA>", "blocking_reason_fa": "رکوردهای آهن موجود مختصات معدن منفرد و لایه میزبان قابل مدل‌سازی ندارند." }, "geometry": { "type": "Polygon", "coordinates": [ [ [ 54.190081055554742, 29.137062545621259 ], [ 54.189958347005529, 29.141569988790344 ], [ 54.195092649507565, 29.141677629943285 ], [ 54.195215134570176, 29.137170166962061 ], [ 54.190081055554742, 29.137062545621259 ] ] ] } },
{ "type": "Feature", "properties": { "grid_id": "GRID-038", "commodity": "iron", "model_status": "BLOCKED_INSUFFICIENT_DATA", "prospectivity_score": "<NA>", "blocking_reason_fa": "رکوردهای آهن موجود مختصات معدن منفرد و لایه میزبان قابل مدل‌سازی ندارند." }, "geometry": { "type": "Polygon", "coordinates": [ [ [ 54.189958347005529, 29.141569988790344 ], [ 54.189835610429505, 29.146077428453669 ], [ 54.194970136469088, 29.14618508942042 ], [ 54.195092649507565, 29.141677629943285 ], [ 54.189958347005529, 29.141569988790344 ] ] ] } },
{ "type": "Feature", "properties": { "grid_id": "GRID-039", "commodity": "iron", "model_status": "BLOCKED_INSUFFICIENT_DATA", "prospectivity_score": "<NA>", "blocking_reason_fa": "رکوردهای آهن موجود مختصات معدن منفرد و لایه میزبان قابل مدل‌سازی ندارند." }, "geometry": { "type": "Polygon", "coordinates": [ [ [ 54.189835610429505, 29.146077428453669 ], [ 54.189712845821504, 29.150584864610781 ], [ 54.194847595449595, 29.150692545393046 ], [ 54.194970136469088, 29.14618508942042 ], [ 54.189835610429505, 29.146077428453669 ] ] ] } },
{ "type": "Feature", "properties": { "grid_id": "GRID-040", "commodity": "iron", "model_status": "BLOCKED_INSUFFICIENT_DATA", "prospectivity_score": "<NA>", "blocking_reason_fa": "رکوردهای آهن موجود مختصات معدن منفرد و لایه میزبان قابل مدل‌سازی ندارند." }, "geometry": { "type": "Polygon", "coordinates": [ [ [ 54.189712845821504, 29.150584864610781 ], [ 54.18959005317636, 29.15509229726127 ], [ 54.194725026443933, 29.155199997860727 ], [ 54.194847595449595, 29.150692545393046 ], [ 54.189712845821504, 29.150584864610781 ] ] ] } },
{ "type": "Feature", "properties": { "grid_id": "GRID-041", "commodity": "iron", "model_status": "BLOCKED_INSUFFICIENT_DATA", "prospectivity_score": "<NA>", "blocking_reason_fa": "رکوردهای آهن موجود مختصات معدن منفرد و لایه میزبان قابل مدل‌سازی ندارند." }, "geometry": { "type": "Polygon", "coordinates": [ [ [ 54.18959005317636, 29.15509229726127 ], [ 54.189467232488923, 29.159599726404718 ], [ 54.194602429446945, 29.159707446823052 ], [ 54.194725026443933, 29.155199997860727 ], [ 54.18959005317636, 29.15509229726127 ] ] ] } },
{ "type": "Feature", "properties": { "grid_id": "GRID-042", "commodity": "iron", "model_status": "BLOCKED_INSUFFICIENT_DATA", "prospectivity_score": "<NA>", "blocking_reason_fa": "رکوردهای آهن موجود مختصات معدن منفرد و لایه میزبان قابل مدل‌سازی ندارند." }, "geometry": { "type": "Polygon", "coordinates": [ [ [ 54.189467232488923, 29.159599726404718 ], [ 54.189344383754005, 29.164107152040714 ], [ 54.194479804453472, 29.164214892279631 ], [ 54.194602429446945, 29.159707446823052 ], [ 54.189467232488923, 29.159599726404718 ] ] ] } },
{ "type": "Feature", "properties": { "grid_id": "GRID-043", "commodity": "iron", "model_status": "BLOCKED_INSUFFICIENT_DATA", "prospectivity_score": "<NA>", "blocking_reason_fa": "رکوردهای آهن موجود مختصات معدن منفرد و لایه میزبان قابل مدل‌سازی ندارند." }, "geometry": { "type": "Polygon", "coordinates": [ [ [ 54.189344383754005, 29.164107152040714 ], [ 54.189221506966447, 29.168614574168835 ], [ 54.194357151458355, 29.168722334229997 ], [ 54.194479804453472, 29.164214892279631 ], [ 54.189344383754005, 29.164107152040714 ] ] ] } },
{ "type": "Feature", "properties": { "grid_id": "GRID-044", "commodity": "iron", "model_status": "BLOCKED_INSUFFICIENT_DATA", "prospectivity_score": "<NA>", "blocking_reason_fa": "رکوردهای آهن موجود مختصات معدن منفرد و لایه میزبان قابل مدل‌سازی ندارند." }, "geometry": { "type": "Polygon", "coordinates": [ [ [ 54.189221506966447, 29.168614574168835 ], [ 54.189098602121078, 29.173121992788641 ], [ 54.194234470456429, 29.17322977267375 ], [ 54.194357151458355, 29.168722334229997 ], [ 54.189221506966447, 29.168614574168835 ] ] ] } },
{ "type": "Feature", "properties": { "grid_id": "GRID-045", "commodity": "iron", "model_status": "BLOCKED_INSUFFICIENT_DATA", "prospectivity_score": "<NA>", "blocking_reason_fa": "رکوردهای آهن موجود مختصات معدن منفرد و لایه میزبان قابل مدل‌سازی ندارند." }, "geometry": { "type": "Polygon", "coordinates": [ [ [ 54.189098602121078, 29.173121992788641 ], [ 54.188975669212716, 29.177629407899733 ], [ 54.194111761442535, 29.177737207610484 ], [ 54.194234470456429, 29.17322977267375 ], [ 54.189098602121078, 29.173121992788641 ] ] ] } },
{ "type": "Feature", "properties": { "grid_id": "GRID-046", "commodity": "iron", "model_status": "BLOCKED_INSUFFICIENT_DATA", "prospectivity_score": "<NA>", "blocking_reason_fa": "رکوردهای آهن موجود مختصات معدن منفرد و لایه میزبان قابل مدل‌سازی ندارند." }, "geometry": { "type": "Polygon", "coordinates": [ [ [ 54.188975669212716, 29.177629407899733 ], [ 54.188852708236197, 29.182136819501689 ], [ 54.193989024411501, 29.182244639039766 ], [ 54.194111761442535, 29.177737207610484 ], [ 54.188975669212716, 29.177629407899733 ] ] ] } },
{ "type": "Feature", "properties": { "grid_id": "GRID-047", "commodity": "iron", "model_status": "BLOCKED_INSUFFICIENT_DATA", "prospectivity_score": "<NA>", "blocking_reason_fa": "رکوردهای آهن موجود مختصات معدن منفرد و لایه میزبان قابل مدل‌سازی ندارند." }, "geometry": { "type": "Polygon", "coordinates": [ [ [ 54.188852708236197, 29.182136819501689 ], [ 54.188729719186341, 29.186644227594073 ], [ 54.193866259358167, 29.186752066961162 ], [ 54.193989024411501, 29.182244639039766 ], [ 54.188852708236197, 29.182136819501689 ] ] ] } },
{ "type": "Feature", "properties": { "grid_id": "GRID-048", "commodity": "iron", "model_status": "BLOCKED_INSUFFICIENT_DATA", "prospectivity_score": "<NA>", "blocking_reason_fa": "رکوردهای آهن موجود مختصات معدن منفرد و لایه میزبان قابل مدل‌سازی ندارند." }, "geometry": { "type": "Polygon", "coordinates": [ [ [ 54.188729719186341, 29.186644227594073 ], [ 54.188606702057967, 29.191151632176489 ], [ 54.193743466277361, 29.191259491374289 ], [ 54.193866259358167, 29.186752066961162 ], [ 54.188729719186341, 29.186644227594073 ] ] ] } },
{ "type": "Feature", "properties": { "grid_id": "GRID-049", "commodity": "iron", "model_status": "BLOCKED_INSUFFICIENT_DATA", "prospectivity_score": "<NA>", "blocking_reason_fa": "رکوردهای آهن موجود مختصات معدن منفرد و لایه میزبان قابل مدل‌سازی ندارند." }, "geometry": { "type": "Polygon", "coordinates": [ [ [ 54.188606702057967, 29.191151632176489 ], [ 54.188483656845904, 29.195659033248507 ], [ 54.193620645163918, 29.195766912278707 ], [ 54.193743466277361, 29.191259491374289 ], [ 54.188606702057967, 29.191151632176489 ] ] ] } },
{ "type": "Feature", "properties": { "grid_id": "GRID-050", "commodity": "iron", "model_status": "BLOCKED_INSUFFICIENT_DATA", "prospectivity_score": "<NA>", "blocking_reason_fa": "رکوردهای آهن موجود مختصات معدن منفرد و لایه میزبان قابل مدل‌سازی ندارند." }, "geometry": { "type": "Polygon", "coordinates": [ [ [ 54.188483656845904, 29.195659033248507 ], [ 54.188360583544963, 29.200166430809706 ], [ 54.19349779601265, 29.200274329673988 ], [ 54.193620645163918, 29.195766912278707 ], [ 54.188483656845904, 29.195659033248507 ] ] ] } },
{ "type": "Feature", "properties": { "grid_id": "GRID-051", "commodity": "iron", "model_status": "BLOCKED_INSUFFICIENT_DATA", "prospectivity_score": "<NA>", "blocking_reason_fa": "رکوردهای آهن موجود مختصات معدن منفرد و لایه میزبان قابل مدل‌سازی ندارند." }, "geometry": { "type": "Polygon", "coordinates": [ [ [ 54.188360583544963, 29.200166430809706 ], [ 54.188237482149951, 29.204673824859668 ], [ 54.193374918818407, 29.204781743559746 ], [ 54.19349779601265, 29.200274329673988 ], [ 54.188360583544963, 29.200166430809706 ] ] ] } },
{ "type": "Feature", "properties": { "grid_id": "GRID-052", "commodity": "iron", "model_status": "BLOCKED_INSUFFICIENT_DATA", "prospectivity_score": "<NA>", "blocking_reason_fa": "رکوردهای آهن موجود مختصات معدن منفرد و لایه میزبان قابل مدل‌سازی ندارند." }, "geometry": { "type": "Polygon", "coordinates": [ [ [ 54.195337591662081, 29.132662700477155 ], [ 54.200471475207422, 29.132770105740548 ], [ 54.200546405032789, 29.130006483852014 ], [ 54.195409777572479, 29.130005158656196 ], [ 54.195337591662081, 29.132662700477155 ] ] ] } },
{ "type": "Feature", "properties": { "grid_id": "GRID-053", "commodity": "iron", "model_status": "BLOCKED_INSUFFICIENT_DATA", "prospectivity_score": "<NA>", "blocking_reason_fa": "رکوردهای آهن موجود مختصات معدن منفرد و لایه میزبان قابل مدل‌سازی ندارند." }, "geometry": { "type": "Polygon", "coordinates": [ [ [ 54.195337591662081, 29.132662700477155 ], [ 54.195215134570176, 29.137170166962061 ], [ 54.200349241556324, 29.137277591999801 ], [ 54.200471475207422, 29.132770105740548 ], [ 54.195337591662081, 29.132662700477155 ] ] ] } },
{ "type": "Feature", "properties": { "grid_id": "GRID-054", "commodity": "iron", "model_status": "BLOCKED_INSUFFICIENT_DATA", "prospectivity_score": "<NA>", "blocking_reason_fa": "رکوردهای آهن موجود مختصات معدن منفرد و لایه میزبان قابل مدل‌سازی ندارند." }, "geometry": { "type": "Polygon", "coordinates": [ [ [ 54.195215134570176, 29.137170166962061 ], [ 54.195092649507565, 29.141677629943285 ], [ 54.200226979985459, 29.141785074757067 ], [ 54.200349241556324, 29.137277591999801 ], [ 54.195215134570176, 29.137170166962061 ] ] ] } },
{ "type": "Feature", "properties": { "grid_id": "GRID-055", "commodity": "iron", "model_status": "BLOCKED_INSUFFICIENT_DATA", "prospectivity_score": "<NA>", "blocking_reason_fa": "رکوردهای آهن موجود مختصات معدن منفرد و لایه میزبان قابل مدل‌سازی ندارند." }, "geometry": { "type": "Polygon", "coordinates": [ [ [ 54.195092649507565, 29.141677629943285 ], [ 54.194970136469088, 29.14618508942042 ], [ 54.200104690489681, 29.146292554011922 ], [ 54.200226979985459, 29.141785074757067 ], [ 54.195092649507565, 29.141677629943285 ] ] ] } },
{ "type": "Feature", "properties": { "grid_id": "GRID-056", "commodity": "iron", "model_status": "BLOCKED_INSUFFICIENT_DATA", "prospectivity_score": "<NA>", "blocking_reason_fa": "رکوردهای آهن موجود مختصات معدن منفرد و لایه میزبان قابل مدل‌سازی ندارند." }, "geometry": { "type": "Polygon", "coordinates": [ [ [ 54.194970136469088, 29.14618508942042 ], [ 54.194847595449595, 29.150692545393046 ], [ 54.199982373063854, 29.150800029763943 ], [ 54.200104690489681, 29.146292554011922 ], [ 54.194970136469088, 29.14618508942042 ] ] ] } },
{ "type": "Feature", "properties": { "grid_id": "GRID-057", "commodity": "iron", "model_status": "BLOCKED_INSUFFICIENT_DATA", "prospectivity_score": "<NA>", "blocking_reason_fa": "رکوردهای آهن موجود مختصات معدن منفرد و لایه میزبان قابل مدل‌سازی ندارند." }, "geometry": { "type": "Polygon", "coordinates": [ [ [ 54.194847595449595, 29.150692545393046 ], [ 54.194725026443933, 29.155199997860727 ], [ 54.199860027702819, 29.155307502012718 ], [ 54.199982373063854, 29.150800029763943 ], [ 54.194847595449595, 29.150692545393046 ] ] ] } },
{ "type": "Feature", "properties": { "grid_id": "GRID-058", "commodity": "iron", "model_status": "BLOCKED_INSUFFICIENT_DATA", "prospectivity_score": "<NA>", "blocking_reason_fa": "رکوردهای آهن موجود مختصات معدن منفرد و لایه میزبان قابل مدل‌سازی ندارند." }, "geometry": { "type": "Polygon", "coordinates": [ [ [ 54.194725026443933, 29.155199997860727 ], [ 54.194602429446945, 29.159707446823052 ], [ 54.199737654401453, 29.159814970757825 ], [ 54.199860027702819, 29.155307502012718 ], [ 54.194725026443933, 29.155199997860727 ] ] ] } },
{ "type": "Feature", "properties": { "grid_id": "GRID-059", "commodity": "iron", "model_status": "BLOCKED_INSUFFICIENT_DATA", "prospectivity_score": "<NA>", "blocking_reason_fa": "رکوردهای آهن موجود مختصات معدن منفرد و لایه میزبان قابل مدل‌سازی ندارند." }, "geometry": { "type": "Polygon", "coordinates": [ [ [ 54.194602429446945, 29.159707446823052 ], [ 54.194479804453472, 29.164214892279631 ], [ 54.199615253154583, 29.164322435998855 ], [ 54.199737654401453, 29.159814970757825 ], [ 54.194602429446945, 29.159707446823052 ] ] ] } },
{ "type": "Feature", "properties": { "grid_id": "GRID-060", "commodity": "iron", "model_status": "BLOCKED_INSUFFICIENT_DATA", "prospectivity_score": "<NA>", "blocking_reason_fa": "رکوردهای آهن موجود مختصات معدن منفرد و لایه میزبان قابل مدل‌سازی ندارند." }, "geometry": { "type": "Polygon", "coordinates": [ [ [ 54.194479804453472, 29.164214892279631 ], [ 54.194357151458355, 29.168722334229997 ], [ 54.199492823957058, 29.16882989773536 ], [ 54.199615253154583, 29.164322435998855 ], [ 54.194479804453472, 29.164214892279631 ] ] ] } },
{ "type": "Feature", "properties": { "grid_id": "GRID-061", "commodity": "iron", "model_status": "BLOCKED_INSUFFICIENT_DATA", "prospectivity_score": "<NA>", "blocking_reason_fa": "رکوردهای آهن موجود مختصات معدن منفرد و لایه میزبان قابل مدل‌سازی ندارند." }, "geometry": { "type": "Polygon", "coordinates": [ [ [ 54.194357151458355, 29.168722334229997 ], [ 54.194234470456429, 29.17322977267375 ], [ 54.199370366803748, 29.17333735596695 ], [ 54.199492823957058, 29.16882989773536 ], [ 54.194357151458355, 29.168722334229997 ] ] ] } },
{ "type": "Feature", "properties": { "grid_id": "GRID-062", "commodity": "iron", "model_status": "BLOCKED_INSUFFICIENT_DATA", "prospectivity_score": "<NA>", "blocking_reason_fa": "رکوردهای آهن موجود مختصات معدن منفرد و لایه میزبان قابل مدل‌سازی ندارند." }, "geometry": { "type": "Polygon", "coordinates": [ [ [ 54.194234470456429, 29.17322977267375 ], [ 54.194111761442535, 29.177737207610484 ], [ 54.19924788168948, 29.177844810693195 ], [ 54.199370366803748, 29.17333735596695 ], [ 54.194234470456429, 29.17322977267375 ] ] ] } },
{ "type": "Feature", "properties": { "grid_id": "GRID-063", "commodity": "iron", "model_status": "BLOCKED_INSUFFICIENT_DATA", "prospectivity_score": "<NA>", "blocking_reason_fa": "رکوردهای آهن موجود مختصات معدن منفرد و لایه میزبان قابل مدل‌سازی ندارند." }, "geometry": { "type": "Polygon", "coordinates": [ [ [ 54.194111761442535, 29.177737207610484 ], [ 54.193989024411501, 29.182244639039766 ], [ 54.19912536860911, 29.182352261913682 ], [ 54.19924788168948, 29.177844810693195 ], [ 54.194111761442535, 29.177737207610484 ] ] ] } },
{ "type": "Feature", "properties": { "grid_id": "GRID-064", "commodity": "iron", "model_status": "BLOCKED_INSUFFICIENT_DATA", "prospectivity_score": "<NA>", "blocking_reason_fa": "رکوردهای آهن موجود مختصات معدن منفرد و لایه میزبان قابل مدل‌سازی ندارند." }, "geometry": { "type": "Polygon", "coordinates": [ [ [ 54.193989024411501, 29.182244639039766 ], [ 54.193866259358167, 29.186752066961162 ], [ 54.199002827557464, 29.186859709627971 ], [ 54.19912536860911, 29.182352261913682 ], [ 54.193989024411501, 29.182244639039766 ] ] ] } },
{ "type": "Feature", "properties": { "grid_id": "GRID-065", "commodity": "iron", "model_status": "BLOCKED_INSUFFICIENT_DATA", "prospectivity_score": "<NA>", "blocking_reason_fa": "رکوردهای آهن موجود مختصات معدن منفرد و لایه میزبان قابل مدل‌سازی ندارند." }, "geometry": { "type": "Polygon", "coordinates": [ [ [ 54.193866259358167, 29.186752066961162 ], [ 54.193743466277361, 29.191259491374289 ], [ 54.1988802585294, 29.191367153835664 ], [ 54.199002827557464, 29.186859709627971 ], [ 54.193866259358167, 29.186752066961162 ] ] ] } },
{ "type": "Feature", "properties": { "grid_id": "GRID-066", "commodity": "iron", "model_status": "BLOCKED_INSUFFICIENT_DATA", "prospectivity_score": "<NA>", "blocking_reason_fa": "رکوردهای آهن موجود مختصات معدن منفرد و لایه میزبان قابل مدل‌سازی ندارند." }, "geometry": { "type": "Polygon", "coordinates": [ [ [ 54.193743466277361, 29.191259491374289 ], [ 54.193620645163918, 29.195766912278707 ], [ 54.19875766151975, 29.195874594536352 ], [ 54.1988802585294, 29.191367153835664 ], [ 54.193743466277361, 29.191259491374289 ] ] ] } },
{ "type": "Feature", "properties": { "grid_id": "GRID-067", "commodity": "iron", "model_status": "BLOCKED_INSUFFICIENT_DATA", "prospectivity_score": "<NA>", "blocking_reason_fa": "رکوردهای آهن موجود مختصات معدن منفرد و لایه میزبان قابل مدل‌سازی ندارند." }, "geometry": { "type": "Polygon", "coordinates": [ [ [ 54.193620645163918, 29.195766912278707 ], [ 54.19349779601265, 29.200274329673988 ], [ 54.198635036523342, 29.200382031729596 ], [ 54.19875766151975, 29.195874594536352 ], [ 54.193620645163918, 29.195766912278707 ] ] ] } },
{ "type": "Feature", "properties": { "grid_id": "GRID-068", "commodity": "iron", "model_status": "BLOCKED_INSUFFICIENT_DATA", "prospectivity_score": "<NA>", "blocking_reason_fa": "رکوردهای آهن موجود مختصات معدن منفرد و لایه میزبان قابل مدل‌سازی ندارند." }, "geometry": { "type": "Polygon", "coordinates": [ [ [ 54.19349779601265, 29.200274329673988 ], [ 54.193374918818407, 29.204781743559746 ], [ 54.198512383535032, 29.204889465414979 ], [ 54.198635036523342, 29.200382031729596 ], [ 54.19349779601265, 29.200274329673988 ] ] ] } },
{ "type": "Feature", "properties": { "grid_id": "GRID-069", "commodity": "iron", "model_status": "BLOCKED_INSUFFICIENT_DATA", "prospectivity_score": "<NA>", "blocking_reason_fa": "رکوردهای آهن موجود مختصات معدن منفرد و لایه میزبان قابل مدل‌سازی ندارند." }, "geometry": { "type": "Polygon", "coordinates": [ [ [ 54.200471475207422, 29.132770105740548 ], [ 54.205605386667393, 29.132877314733076 ], [ 54.20568304987583, 29.130007611867448 ], [ 54.200546405032789, 29.130006483852014 ], [ 54.200471475207422, 29.132770105740548 ] ] ] } },
{ "type": "Feature", "properties": { "grid_id": "GRID-070", "commodity": "iron", "model_status": "BLOCKED_INSUFFICIENT_DATA", "prospectivity_score": "<NA>", "blocking_reason_fa": "رکوردهای آهن موجود مختصات معدن منفرد و لایه میزبان قابل مدل‌سازی ندارند." }, "geometry": { "type": "Polygon", "coordinates": [ [ [ 54.200471475207422, 29.132770105740548 ], [ 54.200349241556324, 29.137277591999801 ], [ 54.205483376462233, 29.137384820730588 ], [ 54.205605386667393, 29.132877314733076 ], [ 54.200471475207422, 29.132770105740548 ] ] ] } },
{ "type": "Feature", "properties": { "grid_id": "GRID-071", "commodity": "iron", "model_status": "BLOCKED_INSUFFICIENT_DATA", "prospectivity_score": "<NA>", "blocking_reason_fa": "رکوردهای آهن موجود مختصات معدن منفرد و لایه میزبان قابل مدل‌سازی ندارند." }, "geometry": { "type": "Polygon", "coordinates": [ [ [ 54.200349241556324, 29.137277591999801 ], [ 54.200226979985459, 29.141785074757067 ], [ 54.205361338388258, 29.1418923232278 ], [ 54.205483376462233, 29.137384820730588 ], [ 54.200349241556324, 29.137277591999801 ] ] ] } },
{ "type": "Feature", "properties": { "grid_id": "GRID-072", "commodity": "iron", "model_status": "BLOCKED_INSUFFICIENT_DATA", "prospectivity_score": "<NA>", "blocking_reason_fa": "رکوردهای آهن موجود مختصات معدن منفرد و لایه میزبان قابل مدل‌سازی ندارند." }, "geometry": { "type": "Polygon", "coordinates": [ [ [ 54.200226979985459, 29.141785074757067 ], [ 54.200104690489681, 29.146292554011922 ], [ 54.20523927244033, 29.146399822224279 ], [ 54.205361338388258, 29.1418923232278 ], [ 54.200226979985459, 29.141785074757067 ] ] ] } },
{ "type": "Feature", "properties": { "grid_id": "GRID-073", "commodity": "iron", "model_status": "BLOCKED_INSUFFICIENT_DATA", "prospectivity_score": "<NA>", "blocking_reason_fa": "رکوردهای آهن موجود مختصات معدن منفرد و لایه میزبان قابل مدل‌سازی ندارند." }, "geometry": { "type": "Polygon", "coordinates": [ [ [ 54.200104690489681, 29.146292554011922 ], [ 54.199982373063854, 29.150800029763943 ], [ 54.205117178613307, 29.150907317719593 ], [ 54.20523927244033, 29.146399822224279 ], [ 54.200104690489681, 29.146292554011922 ] ] ] } },
{ "type": "Feature", "properties": { "grid_id": "GRID-074", "commodity": "iron", "model_status": "BLOCKED_INSUFFICIENT_DATA", "prospectivity_score": "<NA>", "blocking_reason_fa": "رکوردهای آهن موجود مختصات معدن منفرد و لایه میزبان قابل مدل‌سازی ندارند." }, "geometry": { "type": "Polygon", "coordinates": [ [ [ 54.199982373063854, 29.150800029763943 ], [ 54.199860027702819, 29.155307502012718 ], [ 54.204995056902064, 29.155414809713353 ], [ 54.205117178613307, 29.150907317719593 ], [ 54.199982373063854, 29.150800029763943 ] ] ] } },
{ "type": "Feature", "properties": { "grid_id": "GRID-075", "commodity": "iron", "model_status": "BLOCKED_INSUFFICIENT_DATA", "prospectivity_score": "<NA>", "blocking_reason_fa": "رکوردهای آهن موجود مختصات معدن منفرد و لایه میزبان قابل مدل‌سازی ندارند." }, "geometry": { "type": "Polygon", "coordinates": [ [ [ 54.199860027702819, 29.155307502012718 ], [ 54.199737654401453, 29.159814970757825 ], [ 54.20487290730145, 29.159922298205121 ], [ 54.204995056902064, 29.155414809713353 ], [ 54.199860027702819, 29.155307502012718 ] ] ] } },
{ "type": "Feature", "properties": { "grid_id": "GRID-076", "commodity": "iron", "model_status": "BLOCKED_INSUFFICIENT_DATA", "prospectivity_score": "<NA>", "blocking_reason_fa": "رکوردهای آهن موجود مختصات معدن منفرد و لایه میزبان قابل مدل‌سازی ندارند." }, "geometry": { "type": "Polygon", "coordinates": [ [ [ 54.199737654401453, 29.159814970757825 ], [ 54.199615253154583, 29.164322435998855 ], [ 54.204750729806335, 29.164429783194485 ], [ 54.20487290730145, 29.159922298205121 ], [ 54.199737654401453, 29.159814970757825 ] ] ] } },
{ "type": "Feature", "properties": { "grid_id": "GRID-077", "commodity": "iron", "model_status": "BLOCKED_INSUFFICIENT_DATA", "prospectivity_score": "<NA>", "blocking_reason_fa": "رکوردهای آهن موجود مختصات معدن منفرد و لایه میزبان قابل مدل‌سازی ندارند." }, "geometry": { "type": "Polygon", "coordinates": [ [ [ 54.199615253154583, 29.164322435998855 ], [ 54.199492823957058, 29.16882989773536 ], [ 54.204628524411575, 29.168937264681027 ], [ 54.204750729806335, 29.164429783194485 ], [ 54.199615253154583, 29.164322435998855 ] ] ] } },
{ "type": "Feature", "properties": { "grid_id": "GRID-078", "commodity": "iron", "model_status": "BLOCKED_INSUFFICIENT_DATA", "prospectivity_score": "<NA>", "blocking_reason_fa": "رکوردهای آهن موجود مختصات معدن منفرد و لایه میزبان قابل مدل‌سازی ندارند." }, "geometry": { "type": "Polygon", "coordinates": [ [ [ 54.199492823957058, 29.16882989773536 ], [ 54.199370366803748, 29.17333735596695 ], [ 54.204506291112018, 29.173444742664323 ], [ 54.204628524411575, 29.168937264681027 ], [ 54.199492823957058, 29.16882989773536 ] ] ] } },
{ "type": "Feature", "properties": { "grid_id": "GRID-079", "commodity": "iron", "model_status": "BLOCKED_INSUFFICIENT_DATA", "prospectivity_score": "<NA>", "blocking_reason_fa": "رکوردهای آهن موجود مختصات معدن منفرد و لایه میزبان قابل مدل‌سازی ندارند." }, "geometry": { "type": "Polygon", "coordinates": [ [ [ 54.199370366803748, 29.17333735596695 ], [ 54.19924788168948, 29.177844810693195 ], [ 54.204384029902542, 29.177952217143961 ], [ 54.204506291112018, 29.173444742664323 ], [ 54.199370366803748, 29.17333735596695 ] ] ] } },
{ "type": "Feature", "properties": { "grid_id": "GRID-080", "commodity": "iron", "model_status": "BLOCKED_INSUFFICIENT_DATA", "prospectivity_score": "<NA>", "blocking_reason_fa": "رکوردهای آهن موجود مختصات معدن منفرد و لایه میزبان قابل مدل‌سازی ندارند." }, "geometry": { "type": "Polygon", "coordinates": [ [ [ 54.19924788168948, 29.177844810693195 ], [ 54.19912536860911, 29.182352261913682 ], [ 54.204261740777973, 29.182459688119515 ], [ 54.204384029902542, 29.177952217143961 ], [ 54.19924788168948, 29.177844810693195 ] ] ] } },
{ "type": "Feature", "properties": { "grid_id": "GRID-081", "commodity": "iron", "model_status": "BLOCKED_INSUFFICIENT_DATA", "prospectivity_score": "<NA>", "blocking_reason_fa": "رکوردهای آهن موجود مختصات معدن منفرد و لایه میزبان قابل مدل‌سازی ندارند." }, "geometry": { "type": "Polygon", "coordinates": [ [ [ 54.19912536860911, 29.182352261913682 ], [ 54.199002827557464, 29.186859709627971 ], [ 54.204139423733189, 29.186967155590569 ], [ 54.204261740777973, 29.182459688119515 ], [ 54.19912536860911, 29.182352261913682 ] ] ] } },
{ "type": "Feature", "properties": { "grid_id": "GRID-082", "commodity": "iron", "model_status": "BLOCKED_INSUFFICIENT_DATA", "prospectivity_score": "<NA>", "blocking_reason_fa": "رکوردهای آهن موجود مختصات معدن منفرد و لایه میزبان قابل مدل‌سازی ندارند." }, "geometry": { "type": "Polygon", "coordinates": [ [ [ 54.199002827557464, 29.186859709627971 ], [ 54.1988802585294, 29.191367153835664 ], [ 54.204017078763023, 29.191474619556715 ], [ 54.204139423733189, 29.186967155590569 ], [ 54.199002827557464, 29.186859709627971 ] ] ] } },
{ "type": "Feature", "properties": { "grid_id": "GRID-083", "commodity": "iron", "model_status": "BLOCKED_INSUFFICIENT_DATA", "prospectivity_score": "<NA>", "blocking_reason_fa": "رکوردهای آهن موجود مختصات معدن منفرد و لایه میزبان قابل مدل‌سازی ندارند." }, "geometry": { "type": "Polygon", "coordinates": [ [ [ 54.1988802585294, 29.191367153835664 ], [ 54.19875766151975, 29.195874594536352 ], [ 54.203894705862325, 29.195982080017526 ], [ 54.204017078763023, 29.191474619556715 ], [ 54.1988802585294, 29.191367153835664 ] ] ] } },
{ "type": "Feature", "properties": { "grid_id": "GRID-084", "commodity": "iron", "model_status": "BLOCKED_INSUFFICIENT_DATA", "prospectivity_score": "<NA>", "blocking_reason_fa": "رکوردهای آهن موجود مختصات معدن منفرد و لایه میزبان قابل مدل‌سازی ندارند." }, "geometry": { "type": "Polygon", "coordinates": [ [ [ 54.19875766151975, 29.195874594536352 ], [ 54.198635036523342, 29.200382031729596 ], [ 54.20377230502595, 29.200489536972587 ], [ 54.203894705862325, 29.195982080017526 ], [ 54.19875766151975, 29.195874594536352 ] ] ] } },
{ "type": "Feature", "properties": { "grid_id": "GRID-085", "commodity": "iron", "model_status": "BLOCKED_INSUFFICIENT_DATA", "prospectivity_score": "<NA>", "blocking_reason_fa": "رکوردهای آهن موجود مختصات معدن منفرد و لایه میزبان قابل مدل‌سازی ندارند." }, "geometry": { "type": "Polygon", "coordinates": [ [ [ 54.198635036523342, 29.200382031729596 ], [ 54.198512383535032, 29.204889465414979 ], [ 54.203649876248726, 29.204996990421463 ], [ 54.20377230502595, 29.200489536972587 ], [ 54.198635036523342, 29.200382031729596 ] ] ] } },
{ "type": "Feature", "properties": { "grid_id": "GRID-086", "commodity": "iron", "model_status": "BLOCKED_INSUFFICIENT_DATA", "prospectivity_score": "<NA>", "blocking_reason_fa": "رکوردهای آهن موجود مختصات معدن منفرد و لایه میزبان قابل مدل‌سازی ندارند." }, "geometry": { "type": "Polygon", "coordinates": [ [ [ 54.205605386667393, 29.132877314733076 ], [ 54.210739325991049, 29.13298432745086 ], [ 54.210819712050395, 29.130008542701184 ], [ 54.20568304987583, 29.130007611867448 ], [ 54.205605386667393, 29.132877314733076 ] ] ] } },
{ "type": "Feature", "properties": { "grid_id": "GRID-087", "commodity": "iron", "model_status": "BLOCKED_INSUFFICIENT_DATA", "prospectivity_score": "<NA>", "blocking_reason_fa": "رکوردهای آهن موجود مختصات معدن منفرد و لایه میزبان قابل مدل‌سازی ندارند." }, "geometry": { "type": "Polygon", "coordinates": [ [ [ 54.205605386667393, 29.132877314733076 ], [ 54.205483376462233, 29.137384820730588 ], [ 54.210617539236978, 29.137491853150539 ], [ 54.210739325991049, 29.13298432745086 ], [ 54.205605386667393, 29.132877314733076 ] ] ] } },
{ "type": "Feature", "properties": { "grid_id": "GRID-088", "commodity": "iron", "model_status": "BLOCKED_INSUFFICIENT_DATA", "prospectivity_score": "<NA>", "blocking_reason_fa": "رکوردهای آهن موجود مختصات معدن منفرد و لایه میزبان قابل مدل‌سازی ندارند." }, "geometry": { "type": "Polygon", "coordinates": [ [ [ 54.205483376462233, 29.137384820730588 ], [ 54.205361338388258, 29.1418923232278 ], [ 54.210495724665016, 29.141999375351581 ], [ 54.210617539236978, 29.137491853150539 ], [ 54.205483376462233, 29.137384820730588 ] ] ] } },
{ "type": "Feature", "properties": { "grid_id": "GRID-089", "commodity": "iron", "model_status": "BLOCKED_INSUFFICIENT_DATA", "prospectivity_score": "<NA>", "blocking_reason_fa": "رکوردهای آهن موجود مختصات معدن منفرد و لایه میزبان قابل مدل‌سازی ندارند." }, "geometry": { "type": "Polygon", "coordinates": [ [ [ 54.205361338388258, 29.1418923232278 ], [ 54.20523927244033, 29.146399822224279 ], [ 54.210373882270069, 29.146506894053577 ], [ 54.210495724665016, 29.141999375351581 ], [ 54.205361338388258, 29.1418923232278 ] ] ] } },
{ "type": "Feature", "properties": { "grid_id": "GRID-090", "commodity": "iron", "model_status": "BLOCKED_INSUFFICIENT_DATA", "prospectivity_score": "<NA>", "blocking_reason_fa": "رکوردهای آهن موجود مختصات معدن منفرد و لایه میزبان قابل مدل‌سازی ندارند." }, "geometry": { "type": "Polygon", "coordinates": [ [ [ 54.20523927244033, 29.146399822224279 ], [ 54.205117178613307, 29.150907317719593 ], [ 54.210252012046993, 29.151014409256099 ], [ 54.210373882270069, 29.146506894053577 ], [ 54.20523927244033, 29.146399822224279 ] ] ] } },
{ "type": "Feature", "properties": { "grid_id": "GRID-091", "commodity": "iron", "model_status": "BLOCKED_INSUFFICIENT_DATA", "prospectivity_score": "<NA>", "blocking_reason_fa": "رکوردهای آهن موجود مختصات معدن منفرد و لایه میزبان قابل مدل‌سازی ندارند." }, "geometry": { "type": "Polygon", "coordinates": [ [ [ 54.205117178613307, 29.150907317719593 ], [ 54.204995056902064, 29.155414809713353 ], [ 54.210130113990658, 29.155521920958726 ], [ 54.210252012046993, 29.151014409256099 ], [ 54.205117178613307, 29.150907317719593 ] ] ] } },
{ "type": "Feature", "properties": { "grid_id": "GRID-092", "commodity": "iron", "model_status": "BLOCKED_INSUFFICIENT_DATA", "prospectivity_score": "<NA>", "blocking_reason_fa": "رکوردهای آهن موجود مختصات معدن منفرد و لایه میزبان قابل مدل‌سازی ندارند." }, "geometry": { "type": "Polygon", "coordinates": [ [ [ 54.204995056902064, 29.155414809713353 ], [ 54.20487290730145, 29.159922298205121 ], [ 54.210008188095948, 29.160029429161039 ], [ 54.210130113990658, 29.155521920958726 ], [ 54.204995056902064, 29.155414809713353 ] ] ] } },
{ "type": "Feature", "properties": { "grid_id": "GRID-093", "commodity": "iron", "model_status": "BLOCKED_INSUFFICIENT_DATA", "prospectivity_score": "<NA>", "blocking_reason_fa": "رکوردهای آهن موجود مختصات معدن منفرد و لایه میزبان قابل مدل‌سازی ندارند." }, "geometry": { "type": "Polygon", "coordinates": [ [ [ 54.20487290730145, 29.159922298205121 ], [ 54.204750729806335, 29.164429783194485 ], [ 54.209886234357725, 29.164536933862642 ], [ 54.210008188095948, 29.160029429161039 ], [ 54.20487290730145, 29.159922298205121 ] ] ] } },
{ "type": "Feature", "properties": { "grid_id": "GRID-094", "commodity": "iron", "model_status": "BLOCKED_INSUFFICIENT_DATA", "prospectivity_score": "<NA>", "blocking_reason_fa": "رکوردهای آهن موجود مختصات معدن منفرد و لایه میزبان قابل مدل‌سازی ندارند." }, "geometry": { "type": "Polygon", "coordinates": [ [ [ 54.204750729806335, 29.164429783194485 ], [ 54.204628524411575, 29.168937264681027 ], [ 54.209764252770867, 29.169044435063093 ], [ 54.209886234357725, 29.164536933862642 ], [ 54.204750729806335, 29.164429783194485 ] ] ] } },
{ "type": "Feature", "properties": { "grid_id": "GRID-095", "commodity": "iron", "model_status": "BLOCKED_INSUFFICIENT_DATA", "prospectivity_score": "<NA>", "blocking_reason_fa": "رکوردهای آهن موجود مختصات معدن منفرد و لایه میزبان قابل مدل‌سازی ندارند." }, "geometry": { "type": "Polygon", "coordinates": [ [ [ 54.204628524411575, 29.168937264681027 ], [ 54.204506291112018, 29.173444742664323 ], [ 54.209642243330229, 29.173551932761971 ], [ 54.209764252770867, 29.169044435063093 ], [ 54.204628524411575, 29.168937264681027 ] ] ] } },
{ "type": "Feature", "properties": { "grid_id": "GRID-096", "commodity": "iron", "model_status": "BLOCKED_INSUFFICIENT_DATA", "prospectivity_score": "<NA>", "blocking_reason_fa": "رکوردهای آهن موجود مختصات معدن منفرد و لایه میزبان قابل مدل‌سازی ندارند." }, "geometry": { "type": "Polygon", "coordinates": [ [ [ 54.204506291112018, 29.173444742664323 ], [ 54.204384029902542, 29.177952217143961 ], [ 54.209520206030682, 29.178059426958889 ], [ 54.209642243330229, 29.173551932761971 ], [ 54.204506291112018, 29.173444742664323 ] ] ] } },
{ "type": "Feature", "properties": { "grid_id": "GRID-097", "commodity": "iron", "model_status": "BLOCKED_INSUFFICIENT_DATA", "prospectivity_score": "<NA>", "blocking_reason_fa": "رکوردهای آهن موجود مختصات معدن منفرد و لایه میزبان قابل مدل‌سازی ندارند." }, "geometry": { "type": "Polygon", "coordinates": [ [ [ 54.204384029902542, 29.177952217143961 ], [ 54.204261740777973, 29.182459688119515 ], [ 54.20939814086708, 29.182566917653386 ], [ 54.209520206030682, 29.178059426958889 ], [ 54.204384029902542, 29.177952217143961 ] ] ] } },
{ "type": "Feature", "properties": { "grid_id": "GRID-098", "commodity": "iron", "model_status": "BLOCKED_INSUFFICIENT_DATA", "prospectivity_score": "<NA>", "blocking_reason_fa": "رکوردهای آهن موجود مختصات معدن منفرد و لایه میزبان قابل مدل‌سازی ندارند." }, "geometry": { "type": "Polygon", "coordinates": [ [ [ 54.204261740777973, 29.182459688119515 ], [ 54.204139423733189, 29.186967155590569 ], [ 54.209276047834287, 29.18707440484507 ], [ 54.20939814086708, 29.182566917653386 ], [ 54.204261740777973, 29.182459688119515 ] ] ] } },
{ "type": "Feature", "properties": { "grid_id": "GRID-099", "commodity": "iron", "model_status": "BLOCKED_INSUFFICIENT_DATA", "prospectivity_score": "<NA>", "blocking_reason_fa": "رکوردهای آهن موجود مختصات معدن منفرد و لایه میزبان قابل مدل‌سازی ندارند." }, "geometry": { "type": "Polygon", "coordinates": [ [ [ 54.204139423733189, 29.186967155590569 ], [ 54.204017078763023, 29.191474619556715 ], [ 54.209153926927172, 29.191581888533531 ], [ 54.209276047834287, 29.18707440484507 ], [ 54.204139423733189, 29.186967155590569 ] ] ] } },
{ "type": "Feature", "properties": { "grid_id": "GRID-100", "commodity": "iron", "model_status": "BLOCKED_INSUFFICIENT_DATA", "prospectivity_score": "<NA>", "blocking_reason_fa": "رکوردهای آهن موجود مختصات معدن منفرد و لایه میزبان قابل مدل‌سازی ندارند." }, "geometry": { "type": "Polygon", "coordinates": [ [ [ 54.204017078763023, 29.191474619556715 ], [ 54.203894705862325, 29.195982080017526 ], [ 54.209031778140584, 29.196089368718336 ], [ 54.209153926927172, 29.191581888533531 ], [ 54.204017078763023, 29.191474619556715 ] ] ] } },
{ "type": "Feature", "properties": { "grid_id": "GRID-101", "commodity": "iron", "model_status": "BLOCKED_INSUFFICIENT_DATA", "prospectivity_score": "<NA>", "blocking_reason_fa": "رکوردهای آهن موجود مختصات معدن منفرد و لایه میزبان قابل مدل‌سازی ندارند." }, "geometry": { "type": "Polygon", "coordinates": [ [ [ 54.203894705862325, 29.195982080017526 ], [ 54.20377230502595, 29.200489536972587 ], [ 54.208909601469379, 29.200596845399069 ], [ 54.209031778140584, 29.196089368718336 ], [ 54.203894705862325, 29.195982080017526 ] ] ] } },
{ "type": "Feature", "properties": { "grid_id": "GRID-102", "commodity": "iron", "model_status": "BLOCKED_INSUFFICIENT_DATA", "prospectivity_score": "<NA>", "blocking_reason_fa": "رکوردهای آهن موجود مختصات معدن منفرد و لایه میزبان قابل مدل‌سازی ندارند." }, "geometry": { "type": "Polygon", "coordinates": [ [ [ 54.208909601469379, 29.200596845399069 ], [ 54.20377230502595, 29.200489536972587 ], [ 54.203649876248726, 29.204996990421463 ], [ 54.204143252473401, 29.205007306134245 ], [ 54.208790002808477, 29.205008211619411 ], [ 54.208909601469379, 29.200596845399069 ] ] ] } },
{ "type": "Feature", "properties": { "grid_id": "GRID-103", "commodity": "iron", "model_status": "BLOCKED_INSUFFICIENT_DATA", "prospectivity_score": "<NA>", "blocking_reason_fa": "رکوردهای آهن موجود مختصات معدن منفرد و لایه میزبان قابل مدل‌سازی ندارند." }, "geometry": { "type": "Polygon", "coordinates": [ [ [ 54.210739325991049, 29.13298432745086 ], [ 54.215873293127459, 29.133091143890013 ], [ 54.21595639150528, 29.130009276351863 ], [ 54.210819712050395, 29.130008542701184 ], [ 54.210739325991049, 29.13298432745086 ] ] ] } },
{ "type": "Feature", "properties": { "grid_id": "GRID-104", "commodity": "iron", "model_status": "BLOCKED_INSUFFICIENT_DATA", "prospectivity_score": "<NA>", "blocking_reason_fa": "رکوردهای آهن موجود مختصات معدن منفرد و لایه میزبان قابل مدل‌سازی ندارند." }, "geometry": { "type": "Polygon", "coordinates": [ [ [ 54.210739325991049, 29.13298432745086 ], [ 54.210617539236978, 29.137491853150539 ], [ 54.215751729829584, 29.137598689255761 ], [ 54.215873293127459, 29.133091143890013 ], [ 54.210739325991049, 29.13298432745086 ] ] ] } },
{ "type": "Feature", "properties": { "grid_id": "GRID-105", "commodity": "iron", "model_status": "BLOCKED_INSUFFICIENT_DATA", "prospectivity_score": "<NA>", "blocking_reason_fa": "رکوردهای آهن موجود مختصات معدن منفرد و لایه میزبان قابل مدل‌سازی ندارند." }, "geometry": { "type": "Polygon", "coordinates": [ [ [ 54.210617539236978, 29.137491853150539 ], [ 54.210495724665016, 29.141999375351581 ], [ 54.21563013876478, 29.142106231124544 ], [ 54.215751729829584, 29.137598689255761 ], [ 54.210617539236978, 29.137491853150539 ] ] ] } },
{ "type": "Feature", "properties": { "grid_id": "GRID-106", "commodity": "iron", "model_status": "BLOCKED_INSUFFICIENT_DATA", "prospectivity_score": "<NA>", "blocking_reason_fa": "رکوردهای آهن موجود مختصات معدن منفرد و لایه میزبان قابل مدل‌سازی ندارند." }, "geometry": { "type": "Polygon", "coordinates": [ [ [ 54.210495724665016, 29.141999375351581 ], [ 54.210373882270069, 29.146506894053577 ], [ 54.21550851992793, 29.146613769495954 ], [ 54.21563013876478, 29.142106231124544 ], [ 54.210495724665016, 29.141999375351581 ] ] ] } },
{ "type": "Feature", "properties": { "grid_id": "GRID-107", "commodity": "iron", "model_status": "BLOCKED_INSUFFICIENT_DATA", "prospectivity_score": "<NA>", "blocking_reason_fa": "رکوردهای آهن موجود مختصات معدن منفرد و لایه میزبان قابل مدل‌سازی ندارند." }, "geometry": { "type": "Polygon", "coordinates": [ [ [ 54.210373882270069, 29.146506894053577 ], [ 54.210252012046993, 29.151014409256099 ], [ 54.215386873313925, 29.151121304369571 ], [ 54.21550851992793, 29.146613769495954 ], [ 54.210373882270069, 29.146506894053577 ] ] ] } },
{ "type": "Feature", "properties": { "grid_id": "GRID-108", "commodity": "iron", "model_status": "BLOCKED_INSUFFICIENT_DATA", "prospectivity_score": "<NA>", "blocking_reason_fa": "رکوردهای آهن موجود مختصات معدن منفرد و لایه میزبان قابل مدل‌سازی ندارند." }, "geometry": { "type": "Polygon", "coordinates": [ [ [ 54.210252012046993, 29.151014409256099 ], [ 54.210130113990658, 29.155521920958726 ], [ 54.215265198917635, 29.155628835744952 ], [ 54.215386873313925, 29.151121304369571 ], [ 54.210252012046993, 29.151014409256099 ] ] ] } },
{ "type": "Feature", "properties": { "grid_id": "GRID-109", "commodity": "iron", "model_status": "BLOCKED_INSUFFICIENT_DATA", "prospectivity_score": "<NA>", "blocking_reason_fa": "رکوردهای آهن موجود مختصات معدن منفرد و لایه میزبان قابل مدل‌سازی ندارند." }, "geometry": { "type": "Polygon", "coordinates": [ [ [ 54.210130113990658, 29.155521920958726 ], [ 54.210008188095948, 29.160029429161039 ], [ 54.215143496733965, 29.160136363621714 ], [ 54.215265198917635, 29.155628835744952 ], [ 54.210130113990658, 29.155521920958726 ] ] ] } },
{ "type": "Feature", "properties": { "grid_id": "GRID-110", "commodity": "iron", "model_status": "BLOCKED_INSUFFICIENT_DATA", "prospectivity_score": "<NA>", "blocking_reason_fa": "رکوردهای آهن موجود مختصات معدن منفرد و لایه میزبان قابل مدل‌سازی ندارند." }, "geometry": { "type": "Polygon", "coordinates": [ [ [ 54.210008188095948, 29.160029429161039 ], [ 54.209886234357725, 29.164536933862642 ], [ 54.215021766757772, 29.164643887999421 ], [ 54.215143496733965, 29.160136363621714 ], [ 54.210008188095948, 29.160029429161039 ] ] ] } },
{ "type": "Feature", "properties": { "grid_id": "GRID-111", "commodity": "iron", "model_status": "BLOCKED_INSUFFICIENT_DATA", "prospectivity_score": "<NA>", "blocking_reason_fa": "رکوردهای آهن موجود مختصات معدن منفرد و لایه میزبان قابل مدل‌سازی ندارند." }, "geometry": { "type": "Polygon", "coordinates": [ [ [ 54.209886234357725, 29.164536933862642 ], [ 54.209764252770867, 29.169044435063093 ], [ 54.214900008983939, 29.169151408877671 ], [ 54.215021766757772, 29.164643887999421 ], [ 54.209886234357725, 29.164536933862642 ] ] ] } },
{ "type": "Feature", "properties": { "grid_id": "GRID-112", "commodity": "iron", "model_status": "BLOCKED_INSUFFICIENT_DATA", "prospectivity_score": "<NA>", "blocking_reason_fa": "رکوردهای آهن موجود مختصات معدن منفرد و لایه میزبان قابل مدل‌سازی ندارند." }, "geometry": { "type": "Polygon", "coordinates": [ [ [ 54.209764252770867, 29.169044435063093 ], [ 54.209642243330229, 29.173551932761971 ], [ 54.21477822340735, 29.173658926256017 ], [ 54.214900008983939, 29.169151408877671 ], [ 54.209764252770867, 29.169044435063093 ] ] ] } },
{ "type": "Feature", "properties": { "grid_id": "GRID-113", "commodity": "iron", "model_status": "BLOCKED_INSUFFICIENT_DATA", "prospectivity_score": "<NA>", "blocking_reason_fa": "رکوردهای آهن موجود مختصات معدن منفرد و لایه میزبان قابل مدل‌سازی ندارند." }, "geometry": { "type": "Polygon", "coordinates": [ [ [ 54.209642243330229, 29.173551932761971 ], [ 54.209520206030682, 29.178059426958889 ], [ 54.214656410022869, 29.178166440134074 ], [ 54.21477822340735, 29.173658926256017 ], [ 54.209642243330229, 29.173551932761971 ] ] ] } },
{ "type": "Feature", "properties": { "grid_id": "GRID-114", "commodity": "iron", "model_status": "BLOCKED_INSUFFICIENT_DATA", "prospectivity_score": "<NA>", "blocking_reason_fa": "رکوردهای آهن موجود مختصات معدن منفرد و لایه میزبان قابل مدل‌سازی ندارند." }, "geometry": { "type": "Polygon", "coordinates": [ [ [ 54.209520206030682, 29.178059426958889 ], [ 54.20939814086708, 29.182566917653386 ], [ 54.214534568825364, 29.182673950511401 ], [ 54.214656410022869, 29.178166440134074 ], [ 54.209520206030682, 29.178059426958889 ] ] ] } },
{ "type": "Feature", "properties": { "grid_id": "GRID-115", "commodity": "iron", "model_status": "BLOCKED_INSUFFICIENT_DATA", "prospectivity_score": "<NA>", "blocking_reason_fa": "رکوردهای آهن موجود مختصات معدن منفرد و لایه میزبان قابل مدل‌سازی ندارند." }, "geometry": { "type": "Polygon", "coordinates": [ [ [ 54.20939814086708, 29.182566917653386 ], [ 54.209276047834287, 29.18707440484507 ], [ 54.214412699809721, 29.187181457387581 ], [ 54.214534568825364, 29.182673950511401 ], [ 54.20939814086708, 29.182566917653386 ] ] ] } },
{ "type": "Feature", "properties": { "grid_id": "GRID-116", "commodity": "iron", "model_status": "BLOCKED_INSUFFICIENT_DATA", "prospectivity_score": "<NA>", "blocking_reason_fa": "رکوردهای آهن موجود مختصات معدن منفرد و لایه میزبان قابل مدل‌سازی ندارند." }, "geometry": { "type": "Polygon", "coordinates": [ [ [ 54.209276047834287, 29.18707440484507 ], [ 54.209153926927172, 29.191581888533531 ], [ 54.214290802970794, 29.191688960762214 ], [ 54.214412699809721, 29.187181457387581 ], [ 54.209276047834287, 29.18707440484507 ] ] ] } },
{ "type": "Feature", "properties": { "grid_id": "GRID-117", "commodity": "iron", "model_status": "BLOCKED_INSUFFICIENT_DATA", "prospectivity_score": "<NA>", "blocking_reason_fa": "رکوردهای آهن موجود مختصات معدن منفرد و لایه میزبان قابل مدل‌سازی ندارند." }, "geometry": { "type": "Polygon", "coordinates": [ [ [ 54.209153926927172, 29.191581888533531 ], [ 54.209031778140584, 29.196089368718336 ], [ 54.214168878303461, 29.19619646063488 ], [ 54.214290802970794, 29.191688960762214 ], [ 54.209153926927172, 29.191581888533531 ] ] ] } },
{ "type": "Feature", "properties": { "grid_id": "GRID-118", "commodity": "iron", "model_status": "BLOCKED_INSUFFICIENT_DATA", "prospectivity_score": "<NA>", "blocking_reason_fa": "رکوردهای آهن موجود مختصات معدن منفرد و لایه میزبان قابل مدل‌سازی ندارند." }, "geometry": { "type": "Polygon", "coordinates": [ [ [ 54.209031778140584, 29.196089368718336 ], [ 54.208909601469379, 29.200596845399069 ], [ 54.214046925802577, 29.200703957005146 ], [ 54.214168878303461, 29.19619646063488 ], [ 54.209031778140584, 29.196089368718336 ] ] ] } },
{ "type": "Feature", "properties": { "grid_id": "GRID-119", "commodity": "iron", "model_status": "BLOCKED_INSUFFICIENT_DATA", "prospectivity_score": "<NA>", "blocking_reason_fa": "رکوردهای آهن موجود مختصات معدن منفرد و لایه میزبان قابل مدل‌سازی ندارند." }, "geometry": { "type": "Polygon", "coordinates": [ [ [ 54.214046925802577, 29.200703957005146 ], [ 54.208909601469379, 29.200596845399069 ], [ 54.208790002808477, 29.205008211619411 ], [ 54.213930424019459, 29.205009025009744 ], [ 54.214046925802577, 29.200703957005146 ] ] ] } },
{ "type": "Feature", "properties": { "grid_id": "GRID-120", "commodity": "iron", "model_status": "BLOCKED_INSUFFICIENT_DATA", "prospectivity_score": "<NA>", "blocking_reason_fa": "رکوردهای آهن موجود مختصات معدن منفرد و لایه میزبان قابل مدل‌سازی ندارند." }, "geometry": { "type": "Polygon", "coordinates": [ [ [ 54.215873293127459, 29.133091143890013 ], [ 54.221007288025689, 29.133197764046663 ], [ 54.221093088189264, 29.130009812818177 ], [ 54.21595639150528, 29.130009276351863 ], [ 54.215873293127459, 29.133091143890013 ] ] ] } },
{ "type": "Feature", "properties": { "grid_id": "GRID-121", "commodity": "iron", "model_status": "BLOCKED_INSUFFICIENT_DATA", "prospectivity_score": "<NA>", "blocking_reason_fa": "رکوردهای آهن موجود مختصات معدن منفرد و لایه میزبان قابل مدل‌سازی ندارند." }, "geometry": { "type": "Polygon", "coordinates": [ [ [ 54.215873293127459, 29.133091143890013 ], [ 54.215751729829584, 29.137598689255761 ], [ 54.220885948189121, 29.13770532904238 ], [ 54.221007288025689, 29.133197764046663 ], [ 54.215873293127459, 29.133091143890013 ] ] ] } },
{ "type": "Feature", "properties": { "grid_id": "GRID-122", "commodity": "iron", "model_status": "BLOCKED_INSUFFICIENT_DATA", "prospectivity_score": "<NA>", "blocking_reason_fa": "رکوردهای آهن موجود مختصات معدن منفرد و لایه میزبان قابل مدل‌سازی ندارند." }, "geometry": { "type": "Polygon", "coordinates": [ [ [ 54.215751729829584, 29.137598689255761 ], [ 54.21563013876478, 29.142106231124544 ], [ 54.220764580636576, 29.142212890542805 ], [ 54.220885948189121, 29.13770532904238 ], [ 54.215751729829584, 29.137598689255761 ] ] ] } },
{ "type": "Feature", "properties": { "grid_id": "GRID-123", "commodity": "iron", "model_status": "BLOCKED_INSUFFICIENT_DATA", "prospectivity_score": "<NA>", "blocking_reason_fa": "رکوردهای آهن موجود مختصات معدن منفرد و لایه میزبان قابل مدل‌سازی ندارند." }, "geometry": { "type": "Polygon", "coordinates": [ [ [ 54.21563013876478, 29.142106231124544 ], [ 54.21550851992793, 29.146613769495954 ], [ 54.220643185362945, 29.146720448547526 ], [ 54.220764580636576, 29.142212890542805 ], [ 54.21563013876478, 29.142106231124544 ] ] ] } },
{ "type": "Feature", "properties": { "grid_id": "GRID-124", "commodity": "iron", "model_status": "BLOCKED_INSUFFICIENT_DATA", "prospectivity_score": "<NA>", "blocking_reason_fa": "رکوردهای آهن موجود مختصات معدن منفرد و لایه میزبان قابل مدل‌سازی ندارند." }, "geometry": { "type": "Polygon", "coordinates": [ [ [ 54.21550851992793, 29.146613769495954 ], [ 54.215386873313925, 29.151121304369571 ], [ 54.220521762363127, 29.151228003056119 ], [ 54.220643185362945, 29.146720448547526 ], [ 54.21550851992793, 29.146613769495954 ] ] ] } },
{ "type": "Feature", "properties": { "grid_id": "GRID-125", "commodity": "iron", "model_status": "BLOCKED_INSUFFICIENT_DATA", "prospectivity_score": "<NA>", "blocking_reason_fa": "رکوردهای آهن موجود مختصات معدن منفرد و لایه میزبان قابل مدل‌سازی ندارند." }, "geometry": { "type": "Polygon", "coordinates": [ [ [ 54.215386873313925, 29.151121304369571 ], [ 54.215265198917635, 29.155628835744952 ], [ 54.220400311632019, 29.155735554068166 ], [ 54.220521762363127, 29.151228003056119 ], [ 54.215386873313925, 29.151121304369571 ] ] ] } },
{ "type": "Feature", "properties": { "grid_id": "GRID-126", "commodity": "iron", "model_status": "BLOCKED_INSUFFICIENT_DATA", "prospectivity_score": "<NA>", "blocking_reason_fa": "رکوردهای آهن موجود مختصات معدن منفرد و لایه میزبان قابل مدل‌سازی ندارند." }, "geometry": { "type": "Polygon", "coordinates": [ [ [ 54.215265198917635, 29.155628835744952 ], [ 54.215143496733965, 29.160136363621714 ], [ 54.220278833164492, 29.160243101583244 ], [ 54.220400311632019, 29.155735554068166 ], [ 54.215265198917635, 29.155628835744952 ] ] ] } },
{ "type": "Feature", "properties": { "grid_id": "GRID-127", "commodity": "iron", "model_status": "BLOCKED_INSUFFICIENT_DATA", "prospectivity_score": "<NA>", "blocking_reason_fa": "رکوردهای آهن موجود مختصات معدن منفرد و لایه میزبان قابل مدل‌سازی ندارند." }, "geometry": { "type": "Polygon", "coordinates": [ [ [ 54.215143496733965, 29.160136363621714 ], [ 54.215021766757772, 29.164643887999421 ], [ 54.220157326955452, 29.164750645600957 ], [ 54.220278833164492, 29.160243101583244 ], [ 54.215143496733965, 29.160136363621714 ] ] ] } },
{ "type": "Feature", "properties": { "grid_id": "GRID-128", "commodity": "iron", "model_status": "BLOCKED_INSUFFICIENT_DATA", "prospectivity_score": "<NA>", "blocking_reason_fa": "رکوردهای آهن موجود مختصات معدن منفرد و لایه میزبان قابل مدل‌سازی ندارند." }, "geometry": { "type": "Polygon", "coordinates": [ [ [ 54.215021766757772, 29.164643887999421 ], [ 54.214900008983939, 29.169151408877671 ], [ 54.220035792999774, 29.169258186120874 ], [ 54.220157326955452, 29.164750645600957 ], [ 54.215021766757772, 29.164643887999421 ] ] ] } },
{ "type": "Feature", "properties": { "grid_id": "GRID-129", "commodity": "iron", "model_status": "BLOCKED_INSUFFICIENT_DATA", "prospectivity_score": "<NA>", "blocking_reason_fa": "رکوردهای آهن موجود مختصات معدن منفرد و لایه میزبان قابل مدل‌سازی ندارند." }, "geometry": { "type": "Polygon", "coordinates": [ [ [ 54.214900008983939, 29.169151408877671 ], [ 54.21477822340735, 29.173658926256017 ], [ 54.219914231292357, 29.173765723142566 ], [ 54.220035792999774, 29.169258186120874 ], [ 54.214900008983939, 29.169151408877671 ] ] ] } },
{ "type": "Feature", "properties": { "grid_id": "GRID-130", "commodity": "iron", "model_status": "BLOCKED_INSUFFICIENT_DATA", "prospectivity_score": "<NA>", "blocking_reason_fa": "رکوردهای آهن موجود مختصات معدن منفرد و لایه میزبان قابل مدل‌سازی ندارند." }, "geometry": { "type": "Polygon", "coordinates": [ [ [ 54.21477822340735, 29.173658926256017 ], [ 54.214656410022869, 29.178166440134074 ], [ 54.219792641828072, 29.178273256665637 ], [ 54.219914231292357, 29.173765723142566 ], [ 54.21477822340735, 29.173658926256017 ] ] ] } },
{ "type": "Feature", "properties": { "grid_id": "GRID-131", "commodity": "iron", "model_status": "BLOCKED_INSUFFICIENT_DATA", "prospectivity_score": "<NA>", "blocking_reason_fa": "رکوردهای آهن موجود مختصات معدن منفرد و لایه میزبان قابل مدل‌سازی ندارند." }, "geometry": { "type": "Polygon", "coordinates": [ [ [ 54.214656410022869, 29.178166440134074 ], [ 54.214534568825364, 29.182673950511401 ], [ 54.219671024601794, 29.182780786689666 ], [ 54.219792641828072, 29.178273256665637 ], [ 54.214656410022869, 29.178166440134074 ] ] ] } },
{ "type": "Feature", "properties": { "grid_id": "GRID-132", "commodity": "iron", "model_status": "BLOCKED_INSUFFICIENT_DATA", "prospectivity_score": "<NA>", "blocking_reason_fa": "رکوردهای آهن موجود مختصات معدن منفرد و لایه میزبان قابل مدل‌سازی ندارند." }, "geometry": { "type": "Polygon", "coordinates": [ [ [ 54.214534568825364, 29.182673950511401 ], [ 54.214412699809721, 29.187181457387581 ], [ 54.219549379608424, 29.187288313214211 ], [ 54.219671024601794, 29.182780786689666 ], [ 54.214534568825364, 29.182673950511401 ] ] ] } },
{ "type": "Feature", "properties": { "grid_id": "GRID-133", "commodity": "iron", "model_status": "BLOCKED_INSUFFICIENT_DATA", "prospectivity_score": "<NA>", "blocking_reason_fa": "رکوردهای آهن موجود مختصات معدن منفرد و لایه میزبان قابل مدل‌سازی ندارند." }, "geometry": { "type": "Polygon", "coordinates": [ [ [ 54.214412699809721, 29.187181457387581 ], [ 54.214290802970794, 29.191688960762214 ], [ 54.219427706842822, 29.191795836238889 ], [ 54.219549379608424, 29.187288313214211 ], [ 54.214412699809721, 29.187181457387581 ] ] ] } },
{ "type": "Feature", "properties": { "grid_id": "GRID-134", "commodity": "iron", "model_status": "BLOCKED_INSUFFICIENT_DATA", "prospectivity_score": "<NA>", "blocking_reason_fa": "رکوردهای آهن موجود مختصات معدن منفرد و لایه میزبان قابل مدل‌سازی ندارند." }, "geometry": { "type": "Polygon", "coordinates": [ [ [ 54.214290802970794, 29.191688960762214 ], [ 54.214168878303461, 29.19619646063488 ], [ 54.219306006299881, 29.19630335576327 ], [ 54.219427706842822, 29.191795836238889 ], [ 54.214290802970794, 29.191688960762214 ] ] ] } },
{ "type": "Feature", "properties": { "grid_id": "GRID-135", "commodity": "iron", "model_status": "BLOCKED_INSUFFICIENT_DATA", "prospectivity_score": "<NA>", "blocking_reason_fa": "رکوردهای آهن موجود مختصات معدن منفرد و لایه میزبان قابل مدل‌سازی ندارند." }, "geometry": { "type": "Polygon", "coordinates": [ [ [ 54.214168878303461, 29.19619646063488 ], [ 54.214046925802577, 29.200703957005146 ], [ 54.219184277974456, 29.200810871786945 ], [ 54.219306006299881, 29.19630335576327 ], [ 54.214168878303461, 29.19619646063488 ] ] ] } },
{ "type": "Feature", "properties": { "grid_id": "GRID-136", "commodity": "iron", "model_status": "BLOCKED_INSUFFICIENT_DATA", "prospectivity_score": "<NA>", "blocking_reason_fa": "رکوردهای آهن موجود مختصات معدن منفرد و لایه میزبان قابل مدل‌سازی ندارند." }, "geometry": { "type": "Polygon", "coordinates": [ [ [ 54.219184277974456, 29.200810871786945 ], [ 54.214046925802577, 29.200703957005146 ], [ 54.213930424019459, 29.205009025009744 ], [ 54.219070862479974, 29.205009640611223 ], [ 54.219184277974456, 29.200810871786945 ] ] ] } },
{ "type": "Feature", "properties": { "grid_id": "GRID-137", "commodity": "iron", "model_status": "BLOCKED_INSUFFICIENT_DATA", "prospectivity_score": "<NA>", "blocking_reason_fa": "رکوردهای آهن موجود مختصات معدن منفرد و لایه میزبان قابل مدل‌سازی ندارند." }, "geometry": { "type": "Polygon", "coordinates": [ [ [ 54.221007288025689, 29.133197764046663 ], [ 54.226141310634787, 29.133304187916949 ], [ 54.226229802051144, 29.130010152098823 ], [ 54.221093088189264, 29.130009812818177 ], [ 54.221007288025689, 29.133197764046663 ] ] ] } },
{ "type": "Feature", "properties": { "grid_id": "GRID-138", "commodity": "iron", "model_status": "BLOCKED_INSUFFICIENT_DATA", "prospectivity_score": "<NA>", "blocking_reason_fa": "رکوردهای آهن موجود مختصات معدن منفرد و لایه میزبان قابل مدل‌سازی ندارند." }, "geometry": { "type": "Polygon", "coordinates": [ [ [ 54.221007288025689, 29.133197764046663 ], [ 54.220885948189121, 29.13770532904238 ], [ 54.226020194264635, 29.137811772506534 ], [ 54.226141310634787, 29.133304187916949 ], [ 54.221007288025689, 29.133197764046663 ] ] ] } },
{ "type": "Feature", "properties": { "grid_id": "GRID-139", "commodity": "iron", "model_status": "BLOCKED_INSUFFICIENT_DATA", "prospectivity_score": "<NA>", "blocking_reason_fa": "رکوردهای آهن موجود مختصات معدن منفرد و لایه میزبان قابل مدل‌سازی ندارند." }, "geometry": { "type": "Polygon", "coordinates": [ [ [ 54.220885948189121, 29.13770532904238 ], [ 54.220764580636576, 29.142212890542805 ], [ 54.225899050229451, 29.142319353602495 ], [ 54.226020194264635, 29.137811772506534 ], [ 54.220885948189121, 29.13770532904238 ] ] ] } },
{ "type": "Feature", "properties": { "grid_id": "GRID-140", "commodity": "iron", "model_status": "BLOCKED_INSUFFICIENT_DATA", "prospectivity_score": "<NA>", "blocking_reason_fa": "رکوردهای آهن موجود مختصات معدن منفرد و لایه میزبان قابل مدل‌سازی ندارند." }, "geometry": { "type": "Polygon", "coordinates": [ [ [ 54.220764580636576, 29.142212890542805 ], [ 54.220643185362945, 29.146720448547526 ], [ 54.225777878524156, 29.146826931204423 ], [ 54.225899050229451, 29.142319353602495 ], [ 54.220764580636576, 29.142212890542805 ] ] ] } },
{ "type": "Feature", "properties": { "grid_id": "GRID-141", "commodity": "iron", "model_status": "BLOCKED_INSUFFICIENT_DATA", "prospectivity_score": "<NA>", "blocking_reason_fa": "رکوردهای آهن موجود مختصات معدن منفرد و لایه میزبان قابل مدل‌سازی ندارند." }, "geometry": { "type": "Polygon", "coordinates": [ [ [ 54.220643185362945, 29.146720448547526 ], [ 54.220521762363127, 29.151228003056119 ], [ 54.225656679143633, 29.15133450531189 ], [ 54.225777878524156, 29.146826931204423 ], [ 54.220643185362945, 29.146720448547526 ] ] ] } },
{ "type": "Feature", "properties": { "grid_id": "GRID-142", "commodity": "iron", "model_status": "BLOCKED_INSUFFICIENT_DATA", "prospectivity_score": "<NA>", "blocking_reason_fa": "رکوردهای آهن موجود مختصات معدن منفرد و لایه میزبان قابل مدل‌سازی ندارند." }, "geometry": { "type": "Polygon", "coordinates": [ [ [ 54.220521762363127, 29.151228003056119 ], [ 54.220400311632019, 29.155735554068166 ], [ 54.225535452082795, 29.155842075924472 ], [ 54.225656679143633, 29.15133450531189 ], [ 54.220521762363127, 29.151228003056119 ] ] ] } },
{ "type": "Feature", "properties": { "grid_id": "GRID-143", "commodity": "iron", "model_status": "BLOCKED_INSUFFICIENT_DATA", "prospectivity_score": "<NA>", "blocking_reason_fa": "رکوردهای آهن موجود مختصات معدن منفرد و لایه میزبان قابل مدل‌سازی ندارند." }, "geometry": { "type": "Polygon", "coordinates": [ [ [ 54.220400311632019, 29.155735554068166 ], [ 54.220278833164492, 29.160243101583244 ], [ 54.225414197336541, 29.160349643041766 ], [ 54.225535452082795, 29.155842075924472 ], [ 54.220400311632019, 29.155735554068166 ] ] ] } },
{ "type": "Feature", "properties": { "grid_id": "GRID-144", "commodity": "iron", "model_status": "BLOCKED_INSUFFICIENT_DATA", "prospectivity_score": "<NA>", "blocking_reason_fa": "رکوردهای آهن موجود مختصات معدن منفرد و لایه میزبان قابل مدل‌سازی ندارند." }, "geometry": { "type": "Polygon", "coordinates": [ [ [ 54.220278833164492, 29.160243101583244 ], [ 54.220157326955452, 29.164750645600957 ], [ 54.225292914899761, 29.164857206663367 ], [ 54.225414197336541, 29.160349643041766 ], [ 54.220278833164492, 29.160243101583244 ] ] ] } },
{ "type": "Feature", "properties": { "grid_id": "GRID-145", "commodity": "iron", "model_status": "BLOCKED_INSUFFICIENT_DATA", "prospectivity_score": "<NA>", "blocking_reason_fa": "رکوردهای آهن موجود مختصات معدن منفرد و لایه میزبان قابل مدل‌سازی ندارند." }, "geometry": { "type": "Polygon", "coordinates": [ [ [ 54.220157326955452, 29.164750645600957 ], [ 54.220035792999774, 29.169258186120874 ], [ 54.225171604767361, 29.169364766788831 ], [ 54.225292914899761, 29.164857206663367 ], [ 54.220157326955452, 29.164750645600957 ] ] ] } },
{ "type": "Feature", "properties": { "grid_id": "GRID-146", "commodity": "iron", "model_status": "BLOCKED_INSUFFICIENT_DATA", "prospectivity_score": "<NA>", "blocking_reason_fa": "رکوردهای آهن موجود مختصات معدن منفرد و لایه میزبان قابل مدل‌سازی ندارند." }, "geometry": { "type": "Polygon", "coordinates": [ [ [ 54.220035792999774, 29.169258186120874 ], [ 54.219914231292357, 29.173765723142566 ], [ 54.225050266934225, 29.173872323417747 ], [ 54.225171604767361, 29.169364766788831 ], [ 54.220035792999774, 29.169258186120874 ] ] ] } },
{ "type": "Feature", "properties": { "grid_id": "GRID-147", "commodity": "iron", "model_status": "BLOCKED_INSUFFICIENT_DATA", "prospectivity_score": "<NA>", "blocking_reason_fa": "رکوردهای آهن موجود مختصات معدن منفرد و لایه میزبان قابل مدل‌سازی ندارند." }, "geometry": { "type": "Polygon", "coordinates": [ [ [ 54.219914231292357, 29.173765723142566 ], [ 54.219792641828072, 29.178273256665637 ], [ 54.224928901395252, 29.178379876549705 ], [ 54.225050266934225, 29.173872323417747 ], [ 54.219914231292357, 29.173765723142566 ] ] ] } },
{ "type": "Feature", "properties": { "grid_id": "GRID-148", "commodity": "iron", "model_status": "BLOCKED_INSUFFICIENT_DATA", "prospectivity_score": "<NA>", "blocking_reason_fa": "رکوردهای آهن موجود مختصات معدن منفرد و لایه میزبان قابل مدل‌سازی ندارند." }, "geometry": { "type": "Polygon", "coordinates": [ [ [ 54.219792641828072, 29.178273256665637 ], [ 54.219671024601794, 29.182780786689666 ], [ 54.224807508145332, 29.182887426184291 ], [ 54.224928901395252, 29.178379876549705 ], [ 54.219792641828072, 29.178273256665637 ] ] ] } },
{ "type": "Feature", "properties": { "grid_id": "GRID-149", "commodity": "iron", "model_status": "BLOCKED_INSUFFICIENT_DATA", "prospectivity_score": "<NA>", "blocking_reason_fa": "رکوردهای آهن موجود مختصات معدن منفرد و لایه میزبان قابل مدل‌سازی ندارند." }, "geometry": { "type": "Polygon", "coordinates": [ [ [ 54.219671024601794, 29.182780786689666 ], [ 54.219549379608424, 29.187288313214211 ], [ 54.224686087179357, 29.18739497232108 ], [ 54.224807508145332, 29.182887426184291 ], [ 54.219671024601794, 29.182780786689666 ] ] ] } },
{ "type": "Feature", "properties": { "grid_id": "GRID-150", "commodity": "iron", "model_status": "BLOCKED_INSUFFICIENT_DATA", "prospectivity_score": "<NA>", "blocking_reason_fa": "رکوردهای آهن موجود مختصات معدن منفرد و لایه میزبان قابل مدل‌سازی ندارند." }, "geometry": { "type": "Polygon", "coordinates": [ [ [ 54.219549379608424, 29.187288313214211 ], [ 54.219427706842822, 29.191795836238889 ], [ 54.224564638492204, 29.191902514959665 ], [ 54.224686087179357, 29.18739497232108 ], [ 54.219549379608424, 29.187288313214211 ] ] ] } },
{ "type": "Feature", "properties": { "grid_id": "GRID-151", "commodity": "iron", "model_status": "BLOCKED_INSUFFICIENT_DATA", "prospectivity_score": "<NA>", "blocking_reason_fa": "رکوردهای آهن موجود مختصات معدن منفرد و لایه میزبان قابل مدل‌سازی ندارند." }, "geometry": { "type": "Polygon", "coordinates": [ [ [ 54.219427706842822, 29.191795836238889 ], [ 54.219306006299881, 29.19630335576327 ], [ 54.224443162078771, 29.196410054099633 ], [ 54.224564638492204, 29.191902514959665 ], [ 54.219427706842822, 29.191795836238889 ] ] ] } },
{ "type": "Feature", "properties": { "grid_id": "GRID-152", "commodity": "iron", "model_status": "BLOCKED_INSUFFICIENT_DATA", "prospectivity_score": "<NA>", "blocking_reason_fa": "رکوردهای آهن موجود مختصات معدن منفرد و لایه میزبان قابل مدل‌سازی ندارند." }, "geometry": { "type": "Polygon", "coordinates": [ [ [ 54.219306006299881, 29.19630335576327 ], [ 54.219184277974456, 29.200810871786945 ], [ 54.224321657933935, 29.200917589740559 ], [ 54.224443162078771, 29.196410054099633 ], [ 54.219306006299881, 29.19630335576327 ] ] ] } },
{ "type": "Feature", "properties": { "grid_id": "GRID-153", "commodity": "iron", "model_status": "BLOCKED_INSUFFICIENT_DATA", "prospectivity_score": "<NA>", "blocking_reason_fa": "رکوردهای آهن موجود مختصات معدن منفرد و لایه میزبان قابل مدل‌سازی ندارند." }, "geometry": { "type": "Polygon", "coordinates": [ [ [ 54.224321657933935, 29.200917589740559 ], [ 54.219184277974456, 29.200810871786945 ], [ 54.219070862479974, 29.205009640611223 ], [ 54.22421131813865, 29.205010058422538 ], [ 54.224321657933935, 29.200917589740559 ] ] ] } },
{ "type": "Feature", "properties": { "grid_id": "GRID-154", "commodity": "iron", "model_status": "BLOCKED_INSUFFICIENT_DATA", "prospectivity_score": "<NA>", "blocking_reason_fa": "رکوردهای آهن موجود مختصات معدن منفرد و لایه میزبان قابل مدل‌سازی ندارند." }, "geometry": { "type": "Polygon", "coordinates": [ [ [ 54.226141310634787, 29.133304187916949 ], [ 54.231275360903823, 29.133410415496993 ], [ 54.231366533039726, 29.130010294192456 ], [ 54.226229802051144, 29.130010152098823 ], [ 54.226141310634787, 29.133304187916949 ] ] ] } },
{ "type": "Feature", "properties": { "grid_id": "GRID-155", "commodity": "iron", "model_status": "BLOCKED_INSUFFICIENT_DATA", "prospectivity_score": "<NA>", "blocking_reason_fa": "رکوردهای آهن موجود مختصات معدن منفرد و لایه میزبان قابل مدل‌سازی ندارند." }, "geometry": { "type": "Polygon", "coordinates": [ [ [ 54.226141310634787, 29.133304187916949 ], [ 54.226020194264635, 29.137811772506534 ], [ 54.231154468005172, 29.137918019644346 ], [ 54.231275360903823, 29.133410415496993 ], [ 54.226141310634787, 29.133304187916949 ] ] ] } },
{ "type": "Feature", "properties": { "grid_id": "GRID-156", "commodity": "iron", "model_status": "BLOCKED_INSUFFICIENT_DATA", "prospectivity_score": "<NA>", "blocking_reason_fa": "رکوردهای آهن موجود مختصات معدن منفرد و لایه میزبان قابل مدل‌سازی ندارند." }, "geometry": { "type": "Polygon", "coordinates": [ [ [ 54.226020194264635, 29.137811772506534 ], [ 54.225899050229451, 29.142319353602495 ], [ 54.231033547492459, 29.142425620299747 ], [ 54.231154468005172, 29.137918019644346 ], [ 54.226020194264635, 29.137811772506534 ] ] ] } },
{ "type": "Feature", "properties": { "grid_id": "GRID-157", "commodity": "iron", "model_status": "BLOCKED_INSUFFICIENT_DATA", "prospectivity_score": "<NA>", "blocking_reason_fa": "رکوردهای آهن موجود مختصات معدن منفرد و لایه میزبان قابل مدل‌سازی ندارند." }, "geometry": { "type": "Polygon", "coordinates": [ [ [ 54.225899050229451, 29.142319353602495 ], [ 54.225777878524156, 29.146826931204423 ], [ 54.230912599360586, 29.146933217462777 ], [ 54.231033547492459, 29.142425620299747 ], [ 54.225899050229451, 29.142319353602495 ] ] ] } },
{ "type": "Feature", "properties": { "grid_id": "GRID-158", "commodity": "iron", "model_status": "BLOCKED_INSUFFICIENT_DATA", "prospectivity_score": "<NA>", "blocking_reason_fa": "رکوردهای آهن موجود مختصات معدن منفرد و لایه میزبان قابل مدل‌سازی ندارند." }, "geometry": { "type": "Polygon", "coordinates": [ [ [ 54.225777878524156, 29.146826931204423 ], [ 54.225656679143633, 29.15133450531189 ], [ 54.23079162360446, 29.151440811133011 ], [ 54.230912599360586, 29.146933217462777 ], [ 54.225777878524156, 29.146826931204423 ] ] ] } },
{ "type": "Feature", "properties": { "grid_id": "GRID-159", "commodity": "iron", "model_status": "BLOCKED_INSUFFICIENT_DATA", "prospectivity_score": "<NA>", "blocking_reason_fa": "رکوردهای آهن موجود مختصات معدن منفرد و لایه میزبان قابل مدل‌سازی ندارند." }, "geometry": { "type": "Polygon", "coordinates": [ [ [ 54.225656679143633, 29.15133450531189 ], [ 54.225535452082795, 29.155842075924472 ], [ 54.230670620218994, 29.155948401310024 ], [ 54.23079162360446, 29.151440811133011 ], [ 54.225656679143633, 29.15133450531189 ] ] ] } },
{ "type": "Feature", "properties": { "grid_id": "GRID-160", "commodity": "iron", "model_status": "BLOCKED_INSUFFICIENT_DATA", "prospectivity_score": "<NA>", "blocking_reason_fa": "رکوردهای آهن موجود مختصات معدن منفرد و لایه میزبان قابل مدل‌سازی ندارند." }, "geometry": { "type": "Polygon", "coordinates": [ [ [ 54.225535452082795, 29.155842075924472 ], [ 54.225414197336541, 29.160349643041766 ], [ 54.230549589199107, 29.160455987993416 ], [ 54.230670620218994, 29.155948401310024 ], [ 54.225535452082795, 29.155842075924472 ] ] ] } },
{ "type": "Feature", "properties": { "grid_id": "GRID-161", "commodity": "iron", "model_status": "BLOCKED_INSUFFICIENT_DATA", "prospectivity_score": "<NA>", "blocking_reason_fa": "رکوردهای آهن موجود مختصات معدن منفرد و لایه میزبان قابل مدل‌سازی ندارند." }, "geometry": { "type": "Polygon", "coordinates": [ [ [ 54.225414197336541, 29.160349643041766 ], [ 54.225292914899761, 29.164857206663367 ], [ 54.230428530539697, 29.164963571182774 ], [ 54.230549589199107, 29.160455987993416 ], [ 54.225414197336541, 29.160349643041766 ] ] ] } },
{ "type": "Feature", "properties": { "grid_id": "GRID-162", "commodity": "iron", "model_status": "BLOCKED_INSUFFICIENT_DATA", "prospectivity_score": "<NA>", "blocking_reason_fa": "رکوردهای آهن موجود مختصات معدن منفرد و لایه میزبان قابل مدل‌سازی ندارند." }, "geometry": { "type": "Polygon", "coordinates": [ [ [ 54.225292914899761, 29.164857206663367 ], [ 54.225171604767361, 29.169364766788831 ], [ 54.23030744423567, 29.169471150877666 ], [ 54.230428530539697, 29.164963571182774 ], [ 54.225292914899761, 29.164857206663367 ] ] ] } },
{ "type": "Feature", "properties": { "grid_id": "GRID-163", "commodity": "iron", "model_status": "BLOCKED_INSUFFICIENT_DATA", "prospectivity_score": "<NA>", "blocking_reason_fa": "رکوردهای آهن موجود مختصات معدن منفرد و لایه میزبان قابل مدل‌سازی ندارند." }, "geometry": { "type": "Polygon", "coordinates": [ [ [ 54.225171604767361, 29.169364766788831 ], [ 54.225050266934225, 29.173872323417747 ], [ 54.230186330281938, 29.173978727077685 ], [ 54.23030744423567, 29.169471150877666 ], [ 54.225171604767361, 29.169364766788831 ] ] ] } },
{ "type": "Feature", "properties": { "grid_id": "GRID-164", "commodity": "iron", "model_status": "BLOCKED_INSUFFICIENT_DATA", "prospectivity_score": "<NA>", "blocking_reason_fa": "رکوردهای آهن موجود مختصات معدن منفرد و لایه میزبان قابل مدل‌سازی ندارند." }, "geometry": { "type": "Polygon", "coordinates": [ [ [ 54.225050266934225, 29.173872323417747 ], [ 54.224928901395252, 29.178379876549705 ], [ 54.230065188673386, 29.17848629978241 ], [ 54.230186330281938, 29.173978727077685 ], [ 54.225050266934225, 29.173872323417747 ] ] ] } },
{ "type": "Feature", "properties": { "grid_id": "GRID-165", "commodity": "iron", "model_status": "BLOCKED_INSUFFICIENT_DATA", "prospectivity_score": "<NA>", "blocking_reason_fa": "رکوردهای آهن موجود مختصات معدن منفرد و لایه میزبان قابل مدل‌سازی ندارند." }, "geometry": { "type": "Polygon", "coordinates": [ [ [ 54.224928901395252, 29.178379876549705 ], [ 54.224807508145332, 29.182887426184291 ], [ 54.229944019404925, 29.182993868991439 ], [ 54.230065188673386, 29.17848629978241 ], [ 54.224928901395252, 29.178379876549705 ] ] ] } },
{ "type": "Feature", "properties": { "grid_id": "GRID-166", "commodity": "iron", "model_status": "BLOCKED_INSUFFICIENT_DATA", "prospectivity_score": "<NA>", "blocking_reason_fa": "رکوردهای آهن موجود مختصات معدن منفرد و لایه میزبان قابل مدل‌سازی ندارند." }, "geometry": { "type": "Polygon", "coordinates": [ [ [ 54.224807508145332, 29.182887426184291 ], [ 54.224686087179357, 29.18739497232108 ], [ 54.229822822471455, 29.187501434704323 ], [ 54.229944019404925, 29.182993868991439 ], [ 54.224807508145332, 29.182887426184291 ] ] ] } },
{ "type": "Feature", "properties": { "grid_id": "GRID-167", "commodity": "iron", "model_status": "BLOCKED_INSUFFICIENT_DATA", "prospectivity_score": "<NA>", "blocking_reason_fa": "رکوردهای آهن موجود مختصات معدن منفرد و لایه میزبان قابل مدل‌سازی ندارند." }, "geometry": { "type": "Polygon", "coordinates": [ [ [ 54.224686087179357, 29.18739497232108 ], [ 54.224564638492204, 29.191902514959665 ], [ 54.229701597867873, 29.192008996920677 ], [ 54.229822822471455, 29.187501434704323 ], [ 54.224686087179357, 29.18739497232108 ] ] ] } },
{ "type": "Feature", "properties": { "grid_id": "GRID-168", "commodity": "iron", "model_status": "BLOCKED_INSUFFICIENT_DATA", "prospectivity_score": "<NA>", "blocking_reason_fa": "رکوردهای آهن موجود مختصات معدن منفرد و لایه میزبان قابل مدل‌سازی ندارند." }, "geometry": { "type": "Polygon", "coordinates": [ [ [ 54.224564638492204, 29.191902514959665 ], [ 54.224443162078771, 29.196410054099633 ], [ 54.229580345589063, 29.196516555640091 ], [ 54.229701597867873, 29.192008996920677 ], [ 54.224564638492204, 29.191902514959665 ] ] ] } },
{ "type": "Feature", "properties": { "grid_id": "GRID-169", "commodity": "iron", "model_status": "BLOCKED_INSUFFICIENT_DATA", "prospectivity_score": "<NA>", "blocking_reason_fa": "رکوردهای آهن موجود مختصات معدن منفرد و لایه میزبان قابل مدل‌سازی ندارند." }, "geometry": { "type": "Polygon", "coordinates": [ [ [ 54.224443162078771, 29.196410054099633 ], [ 54.224321657933935, 29.200917589740559 ], [ 54.229459065629932, 29.201024110862125 ], [ 54.229580345589063, 29.196516555640091 ], [ 54.224443162078771, 29.196410054099633 ] ] ] } },
{ "type": "Feature", "properties": { "grid_id": "GRID-170", "commodity": "iron", "model_status": "BLOCKED_INSUFFICIENT_DATA", "prospectivity_score": "<NA>", "blocking_reason_fa": "رکوردهای آهن موجود مختصات معدن منفرد و لایه میزبان قابل مدل‌سازی ندارند." }, "geometry": { "type": "Polygon", "coordinates": [ [ [ 54.229459065629932, 29.201024110862125 ], [ 54.224321657933935, 29.200917589740559 ], [ 54.22421131813865, 29.205010058422538 ], [ 54.229351790944122, 29.205010278442362 ], [ 54.229459065629932, 29.201024110862125 ] ] ] } },
{ "type": "Feature", "properties": { "grid_id": "GRID-171", "commodity": "iron", "model_status": "BLOCKED_INSUFFICIENT_DATA", "prospectivity_score": "<NA>", "blocking_reason_fa": "رکوردهای آهن موجود مختصات معدن منفرد و لایه میزبان قابل مدل‌سازی ندارند." }, "geometry": { "type": "Polygon", "coordinates": [ [ [ 54.231275360903823, 29.133410415496993 ], [ 54.236409438781841, 29.133516446782952 ], [ 54.236503281103772, 29.130010239097814 ], [ 54.231366533039726, 29.130010294192456 ], [ 54.231275360903823, 29.133410415496993 ] ] ] } },
{ "type": "Feature", "properties": { "grid_id": "GRID-172", "commodity": "iron", "model_status": "BLOCKED_INSUFFICIENT_DATA", "prospectivity_score": "<NA>", "blocking_reason_fa": "رکوردهای آهن موجود مختصات معدن منفرد و لایه میزبان قابل مدل‌سازی ندارند." }, "geometry": { "type": "Polygon", "coordinates": [ [ [ 54.231275360903823, 29.133410415496993 ], [ 54.231154468005172, 29.137918019644346 ], [ 54.236288769359788, 29.138024070451984 ], [ 54.236409438781841, 29.133516446782952 ], [ 54.231275360903823, 29.133410415496993 ] ] ] } },
{ "type": "Feature", "properties": { "grid_id": "GRID-173", "commodity": "iron", "model_status": "BLOCKED_INSUFFICIENT_DATA", "prospectivity_score": "<NA>", "blocking_reason_fa": "رکوردهای آهن موجود مختصات معدن منفرد و لایه میزبان قابل مدل‌سازی ندارند." }, "geometry": { "type": "Polygon", "coordinates": [ [ [ 54.231154468005172, 29.137918019644346 ], [ 54.231033547492459, 29.142425620299747 ], [ 54.236168072374618, 29.142531690630715 ], [ 54.236288769359788, 29.138024070451984 ], [ 54.231154468005172, 29.137918019644346 ] ] ] } },
{ "type": "Feature", "properties": { "grid_id": "GRID-174", "commodity": "iron", "model_status": "BLOCKED_INSUFFICIENT_DATA", "prospectivity_score": "<NA>", "blocking_reason_fa": "رکوردهای آهن موجود مختصات معدن منفرد و لایه میزبان قابل مدل‌سازی ندارند." }, "geometry": { "type": "Polygon", "coordinates": [ [ [ 54.231033547492459, 29.142425620299747 ], [ 54.230912599360586, 29.146933217462777 ], [ 54.236047347821255, 29.147039307318739 ], [ 54.236168072374618, 29.142531690630715 ], [ 54.231033547492459, 29.142425620299747 ] ] ] } },
{ "type": "Feature", "properties": { "grid_id": "GRID-175", "commodity": "iron", "model_status": "BLOCKED_INSUFFICIENT_DATA", "prospectivity_score": "<NA>", "blocking_reason_fa": "رکوردهای آهن موجود مختصات معدن منفرد و لایه میزبان قابل مدل‌سازی ندارند." }, "geometry": { "type": "Polygon", "coordinates": [ [ [ 54.230912599360586, 29.146933217462777 ], [ 54.23079162360446, 29.151440811133011 ], [ 54.235926595694622, 29.151546920515628 ], [ 54.236047347821255, 29.147039307318739 ], [ 54.230912599360586, 29.146933217462777 ] ] ] } },
{ "type": "Feature", "properties": { "grid_id": "GRID-176", "commodity": "iron", "model_status": "BLOCKED_INSUFFICIENT_DATA", "prospectivity_score": "<NA>", "blocking_reason_fa": "رکوردهای آهن موجود مختصات معدن منفرد و لایه میزبان قابل مدل‌سازی ندارند." }, "geometry": { "type": "Polygon", "coordinates": [ [ [ 54.23079162360446, 29.151440811133011 ], [ 54.230670620218994, 29.155948401310024 ], [ 54.235805815989629, 29.156054530220953 ], [ 54.235926595694622, 29.151546920515628 ], [ 54.23079162360446, 29.151440811133011 ] ] ] } },
{ "type": "Feature", "properties": { "grid_id": "GRID-177", "commodity": "iron", "model_status": "BLOCKED_INSUFFICIENT_DATA", "prospectivity_score": "<NA>", "blocking_reason_fa": "رکوردهای آهن موجود مختصات معدن منفرد و لایه میزبان قابل مدل‌سازی ندارند." }, "geometry": { "type": "Polygon", "coordinates": [ [ [ 54.230670620218994, 29.155948401310024 ], [ 54.230549589199107, 29.160455987993416 ], [ 54.235685008701196, 29.160562136434333 ], [ 54.235805815989629, 29.156054530220953 ], [ 54.230670620218994, 29.155948401310024 ] ] ] } },
{ "type": "Feature", "properties": { "grid_id": "GRID-178", "commodity": "iron", "model_status": "BLOCKED_INSUFFICIENT_DATA", "prospectivity_score": "<NA>", "blocking_reason_fa": "رکوردهای آهن موجود مختصات معدن منفرد و لایه میزبان قابل مدل‌سازی ندارند." }, "geometry": { "type": "Polygon", "coordinates": [ [ [ 54.230549589199107, 29.160455987993416 ], [ 54.230428530539697, 29.164963571182774 ], [ 54.235564173824258, 29.165069739155335 ], [ 54.235685008701196, 29.160562136434333 ], [ 54.230549589199107, 29.160455987993416 ] ] ] } },
{ "type": "Feature", "properties": { "grid_id": "GRID-179", "commodity": "iron", "model_status": "BLOCKED_INSUFFICIENT_DATA", "prospectivity_score": "<NA>", "blocking_reason_fa": "رکوردهای آهن موجود مختصات معدن منفرد و لایه میزبان قابل مدل‌سازی ندارند." }, "geometry": { "type": "Polygon", "coordinates": [ [ [ 54.230428530539697, 29.164963571182774 ], [ 54.23030744423567, 29.169471150877666 ], [ 54.235443311353706, 29.16957733838353 ], [ 54.235564173824258, 29.165069739155335 ], [ 54.230428530539697, 29.164963571182774 ] ] ] } },
{ "type": "Feature", "properties": { "grid_id": "GRID-180", "commodity": "iron", "model_status": "BLOCKED_INSUFFICIENT_DATA", "prospectivity_score": "<NA>", "blocking_reason_fa": "رکوردهای آهن موجود مختصات معدن منفرد و لایه میزبان قابل مدل‌سازی ندارند." }, "geometry": { "type": "Polygon", "coordinates": [ [ [ 54.23030744423567, 29.169471150877666 ], [ 54.230186330281938, 29.173978727077685 ], [ 54.235322421284451, 29.174084934118525 ], [ 54.235443311353706, 29.16957733838353 ], [ 54.23030744423567, 29.169471150877666 ] ] ] } },
{ "type": "Feature", "properties": { "grid_id": "GRID-181", "commodity": "iron", "model_status": "BLOCKED_INSUFFICIENT_DATA", "prospectivity_score": "<NA>", "blocking_reason_fa": "رکوردهای آهن موجود مختصات معدن منفرد و لایه میزبان قابل مدل‌سازی ندارند." }, "geometry": { "type": "Polygon", "coordinates": [ [ [ 54.230186330281938, 29.173978727077685 ], [ 54.230065188673386, 29.17848629978241 ], [ 54.235201503611428, 29.178592526359889 ], [ 54.235322421284451, 29.174084934118525 ], [ 54.230186330281938, 29.173978727077685 ] ] ] } },
{ "type": "Feature", "properties": { "grid_id": "GRID-182", "commodity": "iron", "model_status": "BLOCKED_INSUFFICIENT_DATA", "prospectivity_score": "<NA>", "blocking_reason_fa": "رکوردهای آهن موجود مختصات معدن منفرد و لایه میزبان قابل مدل‌سازی ندارند." }, "geometry": { "type": "Polygon", "coordinates": [ [ [ 54.230065188673386, 29.17848629978241 ], [ 54.229944019404925, 29.182993868991439 ], [ 54.235080558329535, 29.183100115107209 ], [ 54.235201503611428, 29.178592526359889 ], [ 54.230065188673386, 29.17848629978241 ] ] ] } },
{ "type": "Feature", "properties": { "grid_id": "GRID-183", "commodity": "iron", "model_status": "BLOCKED_INSUFFICIENT_DATA", "prospectivity_score": "<NA>", "blocking_reason_fa": "رکوردهای آهن موجود مختصات معدن منفرد و لایه میزبان قابل مدل‌سازی ندارند." }, "geometry": { "type": "Polygon", "coordinates": [ [ [ 54.229944019404925, 29.182993868991439 ], [ 54.229822822471455, 29.187501434704323 ], [ 54.234959585433671, 29.187607700360076 ], [ 54.235080558329535, 29.183100115107209 ], [ 54.229944019404925, 29.182993868991439 ] ] ] } },
{ "type": "Feature", "properties": { "grid_id": "GRID-184", "commodity": "iron", "model_status": "BLOCKED_INSUFFICIENT_DATA", "prospectivity_score": "<NA>", "blocking_reason_fa": "رکوردهای آهن موجود مختصات معدن منفرد و لایه میزبان قابل مدل‌سازی ندارند." }, "geometry": { "type": "Polygon", "coordinates": [ [ [ 54.229822822471455, 29.187501434704323 ], [ 54.229701597867873, 29.192008996920677 ], [ 54.234838584918748, 29.192115282118078 ], [ 54.234959585433671, 29.187607700360076 ], [ 54.229822822471455, 29.187501434704323 ] ] ] } },
{ "type": "Feature", "properties": { "grid_id": "GRID-185", "commodity": "iron", "model_status": "BLOCKED_INSUFFICIENT_DATA", "prospectivity_score": "<NA>", "blocking_reason_fa": "رکوردهای آهن موجود مختصات معدن منفرد و لایه میزبان قابل مدل‌سازی ندارند." }, "geometry": { "type": "Polygon", "coordinates": [ [ [ 54.229701597867873, 29.192008996920677 ], [ 54.229580345589063, 29.196516555640091 ], [ 54.234717556779685, 29.196622860380778 ], [ 54.234838584918748, 29.192115282118078 ], [ 54.229701597867873, 29.192008996920677 ] ] ] } },
{ "type": "Feature", "properties": { "grid_id": "GRID-186", "commodity": "iron", "model_status": "BLOCKED_INSUFFICIENT_DATA", "prospectivity_score": "<NA>", "blocking_reason_fa": "رکوردهای آهن موجود مختصات معدن منفرد و لایه میزبان قابل مدل‌سازی ندارند." }, "geometry": { "type": "Polygon", "coordinates": [ [ [ 54.229580345589063, 29.196516555640091 ], [ 54.229459065629932, 29.201024110862125 ], [ 54.234596501011367, 29.201130435147785 ], [ 54.234717556779685, 29.196622860380778 ], [ 54.229580345589063, 29.196516555640091 ] ] ] } },
{ "type": "Feature", "properties": { "grid_id": "GRID-187", "commodity": "iron", "model_status": "BLOCKED_INSUFFICIENT_DATA", "prospectivity_score": "<NA>", "blocking_reason_fa": "رکوردهای آهن موجود مختصات معدن منفرد و لایه میزبان قابل مدل‌سازی ندارند." }, "geometry": { "type": "Polygon", "coordinates": [ [ [ 54.234596501011367, 29.201130435147785 ], [ 54.229459065629932, 29.201024110862125 ], [ 54.229351790944122, 29.205010278442362 ], [ 54.234492280845011, 29.205010300669382 ], [ 54.234596501011367, 29.201130435147785 ] ] ] } },
{ "type": "Feature", "properties": { "grid_id": "GRID-188", "commodity": "iron", "model_status": "BLOCKED_INSUFFICIENT_DATA", "prospectivity_score": "<NA>", "blocking_reason_fa": "رکوردهای آهن موجود مختصات معدن منفرد و لایه میزبان قابل مدل‌سازی ندارند." }, "geometry": { "type": "Polygon", "coordinates": [ [ [ 54.236409438781841, 29.133516446782952 ], [ 54.241543544217897, 29.133622281770993 ], [ 54.241640046192082, 29.130009986813583 ], [ 54.236503281103772, 29.130010239097814 ], [ 54.236409438781841, 29.133516446782952 ] ] ] } },
{ "type": "Feature", "properties": { "grid_id": "GRID-189", "commodity": "iron", "model_status": "BLOCKED_INSUFFICIENT_DATA", "prospectivity_score": "<NA>", "blocking_reason_fa": "رکوردهای آهن موجود مختصات معدن منفرد و لایه میزبان قابل مدل‌سازی ندارند." }, "geometry": { "type": "Polygon", "coordinates": [ [ [ 54.236409438781841, 29.133516446782952 ], [ 54.236288769359788, 29.138024070451984 ], [ 54.241423098277515, 29.138129924925586 ], [ 54.241543544217897, 29.133622281770993 ], [ 54.236409438781841, 29.133516446782952 ] ] ] } },
{ "type": "Feature", "properties": { "grid_id": "GRID-190", "commodity": "iron", "model_status": "BLOCKED_INSUFFICIENT_DATA", "prospectivity_score": "<NA>", "blocking_reason_fa": "رکوردهای آهن موجود مختصات معدن منفرد و لایه میزبان قابل مدل‌سازی ندارند." }, "geometry": { "type": "Polygon", "coordinates": [ [ [ 54.236288769359788, 29.138024070451984 ], [ 54.236168072374618, 29.142531690630715 ], [ 54.241302624824982, 29.142637564591542 ], [ 54.241423098277515, 29.138129924925586 ], [ 54.236288769359788, 29.138024070451984 ] ] ] } },
{ "type": "Feature", "properties": { "grid_id": "GRID-191", "commodity": "iron", "model_status": "BLOCKED_INSUFFICIENT_DATA", "prospectivity_score": "<NA>", "blocking_reason_fa": "رکوردهای آهن موجود مختصات معدن منفرد و لایه میزبان قابل مدل‌سازی ندارند." }, "geometry": { "type": "Polygon", "coordinates": [ [ [ 54.236168072374618, 29.142531690630715 ], [ 54.236047347821255, 29.147039307318739 ], [ 54.241182123855204, 29.147145200768446 ], [ 54.241302624824982, 29.142637564591542 ], [ 54.236168072374618, 29.142531690630715 ] ] ] } },
{ "type": "Feature", "properties": { "grid_id": "GRID-192", "commodity": "iron", "model_status": "BLOCKED_INSUFFICIENT_DATA", "prospectivity_score": "<NA>", "blocking_reason_fa": "رکوردهای آهن موجود مختصات معدن منفرد و لایه میزبان قابل مدل‌سازی ندارند." }, "geometry": { "type": "Polygon", "coordinates": [ [ [ 54.236047347821255, 29.147039307318739 ], [ 54.235926595694622, 29.151546920515628 ], [ 54.241061595363135, 29.151652833455874 ], [ 54.241182123855204, 29.147145200768446 ], [ 54.236047347821255, 29.147039307318739 ] ] ] } },
{ "type": "Feature", "properties": { "grid_id": "GRID-193", "commodity": "iron", "model_status": "BLOCKED_INSUFFICIENT_DATA", "prospectivity_score": "<NA>", "blocking_reason_fa": "رکوردهای آهن موجود مختصات معدن منفرد و لایه میزبان قابل مدل‌سازی ندارند." }, "geometry": { "type": "Polygon", "coordinates": [ [ [ 54.235926595694622, 29.151546920515628 ], [ 54.235805815989629, 29.156054530220953 ], [ 54.240941039343696, 29.156160462653414 ], [ 54.241061595363135, 29.151652833455874 ], [ 54.235926595694622, 29.151546920515628 ] ] ] } },
{ "type": "Feature", "properties": { "grid_id": "GRID-194", "commodity": "iron", "model_status": "BLOCKED_INSUFFICIENT_DATA", "prospectivity_score": "<NA>", "blocking_reason_fa": "رکوردهای آهن موجود مختصات معدن منفرد و لایه میزبان قابل مدل‌سازی ندارند." }, "geometry": { "type": "Polygon", "coordinates": [ [ [ 54.235805815989629, 29.156054530220953 ], [ 54.235685008701196, 29.160562136434333 ], [ 54.240820455791805, 29.160668088360655 ], [ 54.240941039343696, 29.156160462653414 ], [ 54.235805815989629, 29.156054530220953 ] ] ] } },
{ "type": "Feature", "properties": { "grid_id": "GRID-195", "commodity": "iron", "model_status": "BLOCKED_INSUFFICIENT_DATA", "prospectivity_score": "<NA>", "blocking_reason_fa": "رکوردهای آهن موجود مختصات معدن منفرد و لایه میزبان قابل مدل‌سازی ندارند." }, "geometry": { "type": "Polygon", "coordinates": [ [ [ 54.235685008701196, 29.160562136434333 ], [ 54.235564173824258, 29.165069739155335 ], [ 54.240699844702412, 29.165175710577177 ], [ 54.240820455791805, 29.160668088360655 ], [ 54.235685008701196, 29.160562136434333 ] ] ] } },
{ "type": "Feature", "properties": { "grid_id": "GRID-196", "commodity": "iron", "model_status": "BLOCKED_INSUFFICIENT_DATA", "prospectivity_score": "<NA>", "blocking_reason_fa": "رکوردهای آهن موجود مختصات معدن منفرد و لایه میزبان قابل مدل‌سازی ندارند." }, "geometry": { "type": "Polygon", "coordinates": [ [ [ 54.235564173824258, 29.165069739155335 ], [ 54.235443311353706, 29.16957733838353 ], [ 54.240579206070421, 29.169683329302575 ], [ 54.240699844702412, 29.165175710577177 ], [ 54.235564173824258, 29.165069739155335 ] ] ] } },
{ "type": "Feature", "properties": { "grid_id": "GRID-197", "commodity": "iron", "model_status": "BLOCKED_INSUFFICIENT_DATA", "prospectivity_score": "<NA>", "blocking_reason_fa": "رکوردهای آهن موجود مختصات معدن منفرد و لایه میزبان قابل مدل‌سازی ندارند." }, "geometry": { "type": "Polygon", "coordinates": [ [ [ 54.235443311353706, 29.16957733838353 ], [ 54.235322421284451, 29.174084934118525 ], [ 54.240458539890753, 29.174190944536406 ], [ 54.240579206070421, 29.169683329302575 ], [ 54.235443311353706, 29.16957733838353 ] ] ] } },
{ "type": "Feature", "properties": { "grid_id": "GRID-198", "commodity": "iron", "model_status": "BLOCKED_INSUFFICIENT_DATA", "prospectivity_score": "<NA>", "blocking_reason_fa": "رکوردهای آهن موجود مختصات معدن منفرد و لایه میزبان قابل مدل‌سازی ندارند." }, "geometry": { "type": "Polygon", "coordinates": [ [ [ 54.235322421284451, 29.174084934118525 ], [ 54.235201503611428, 29.178592526359889 ], [ 54.24033784615834, 29.178698556278277 ], [ 54.240458539890753, 29.174190944536406 ], [ 54.235322421284451, 29.174084934118525 ] ] ] } },
{ "type": "Feature", "properties": { "grid_id": "GRID-199", "commodity": "iron", "model_status": "BLOCKED_INSUFFICIENT_DATA", "prospectivity_score": "<NA>", "blocking_reason_fa": "رکوردهای آهن موجود مختصات معدن منفرد و لایه میزبان قابل مدل‌سازی ندارند." }, "geometry": { "type": "Polygon", "coordinates": [ [ [ 54.235201503611428, 29.178592526359889 ], [ 54.235080558329535, 29.183100115107209 ], [ 54.240217124868096, 29.183206164527782 ], [ 54.24033784615834, 29.178698556278277 ], [ 54.235201503611428, 29.178592526359889 ] ] ] } },
{ "type": "Feature", "properties": { "grid_id": "GRID-200", "commodity": "iron", "model_status": "BLOCKED_INSUFFICIENT_DATA", "prospectivity_score": "<NA>", "blocking_reason_fa": "رکوردهای آهن موجود مختصات معدن منفرد و لایه میزبان قابل مدل‌سازی ندارند." }, "geometry": { "type": "Polygon", "coordinates": [ [ [ 54.235080558329535, 29.183100115107209 ], [ 54.234959585433671, 29.187607700360076 ], [ 54.240096376014939, 29.187713769284468 ], [ 54.240217124868096, 29.183206164527782 ], [ 54.235080558329535, 29.183100115107209 ] ] ] } },
{ "type": "Feature", "properties": { "grid_id": "GRID-201", "commodity": "iron", "model_status": "BLOCKED_INSUFFICIENT_DATA", "prospectivity_score": "<NA>", "blocking_reason_fa": "رکوردهای آهن موجود مختصات معدن منفرد و لایه میزبان قابل مدل‌سازی ندارند." }, "geometry": { "type": "Polygon", "coordinates": [ [ [ 54.234959585433671, 29.187607700360076 ], [ 54.234838584918748, 29.192115282118078 ], [ 54.239975599593784, 29.192221370547966 ], [ 54.240096376014939, 29.187713769284468 ], [ 54.234959585433671, 29.187607700360076 ] ] ] } },
{ "type": "Feature", "properties": { "grid_id": "GRID-202", "commodity": "iron", "model_status": "BLOCKED_INSUFFICIENT_DATA", "prospectivity_score": "<NA>", "blocking_reason_fa": "رکوردهای آهن موجود مختصات معدن منفرد و لایه میزبان قابل مدل‌سازی ندارند." }, "geometry": { "type": "Polygon", "coordinates": [ [ [ 54.234838584918748, 29.192115282118078 ], [ 54.234717556779685, 29.196622860380778 ], [ 54.239854795599548, 29.196728968317835 ], [ 54.239975599593784, 29.192221370547966 ], [ 54.234838584918748, 29.192115282118078 ] ] ] } },
{ "type": "Feature", "properties": { "grid_id": "GRID-203", "commodity": "iron", "model_status": "BLOCKED_INSUFFICIENT_DATA", "prospectivity_score": "<NA>", "blocking_reason_fa": "رکوردهای آهن موجود مختصات معدن منفرد و لایه میزبان قابل مدل‌سازی ندارند." }, "geometry": { "type": "Polygon", "coordinates": [ [ [ 54.234717556779685, 29.196622860380778 ], [ 54.234596501011367, 29.201130435147785 ], [ 54.239733964027138, 29.20123656259366 ], [ 54.239854795599548, 29.196728968317835 ], [ 54.234717556779685, 29.196622860380778 ] ] ] } },
{ "type": "Feature", "properties": { "grid_id": "GRID-204", "commodity": "iron", "model_status": "BLOCKED_INSUFFICIENT_DATA", "prospectivity_score": "<NA>", "blocking_reason_fa": "رکوردهای آهن موجود مختصات معدن منفرد و لایه میزبان قابل مدل‌سازی ندارند." }, "geometry": { "type": "Polygon", "coordinates": [ [ [ 54.239733964027138, 29.20123656259366 ], [ 54.234596501011367, 29.201130435147785 ], [ 54.234492280845011, 29.205010300669382 ], [ 54.239632787789965, 29.205010125102319 ], [ 54.239733964027138, 29.20123656259366 ] ] ] } },
{ "type": "Feature", "properties": { "grid_id": "GRID-205", "commodity": "iron", "model_status": "BLOCKED_INSUFFICIENT_DATA", "prospectivity_score": "<NA>", "blocking_reason_fa": "رکوردهای آهن موجود مختصات معدن منفرد و لایه میزبان قابل مدل‌سازی ندارند." }, "geometry": { "type": "Polygon", "coordinates": [ [ [ 54.241543544217897, 29.133622281770993 ], [ 54.24667767716106, 29.13372792045725 ], [ 54.246776828253445, 29.130009537338477 ], [ 54.241640046192082, 29.130009986813583 ], [ 54.241543544217897, 29.133622281770993 ] ] ] } },
{ "type": "Feature", "properties": { "grid_id": "GRID-206", "commodity": "iron", "model_status": "BLOCKED_INSUFFICIENT_DATA", "prospectivity_score": "<NA>", "blocking_reason_fa": "رکوردهای آهن موجود مختصات معدن منفرد و لایه میزبان قابل مدل‌سازی ندارند." }, "geometry": { "type": "Polygon", "coordinates": [ [ [ 54.241543544217897, 29.133622281770993 ], [ 54.241423098277515, 29.138129924925586 ], [ 54.246557454707414, 29.13823558306132 ], [ 54.24667767716106, 29.13372792045725 ], [ 54.241543544217897, 29.133622281770993 ] ] ] } },
{ "type": "Feature", "properties": { "grid_id": "GRID-207", "commodity": "iron", "model_status": "BLOCKED_INSUFFICIENT_DATA", "prospectivity_score": "<NA>", "blocking_reason_fa": "رکوردهای آهن موجود مختصات معدن منفرد و لایه میزبان قابل مدل‌سازی ندارند." }, "geometry": { "type": "Polygon", "coordinates": [ [ [ 54.241423098277515, 29.138129924925586 ], [ 54.241302624824982, 29.142637564591542 ], [ 54.246437204792564, 29.142743242178394 ], [ 54.246557454707414, 29.13823558306132 ], [ 54.241423098277515, 29.138129924925586 ] ] ] } },
{ "type": "Feature", "properties": { "grid_id": "GRID-208", "commodity": "iron", "model_status": "BLOCKED_INSUFFICIENT_DATA", "prospectivity_score": "<NA>", "blocking_reason_fa": "رکوردهای آهن موجود مختصات معدن منفرد و لایه میزبان قابل مدل‌سازی ندارند." }, "geometry": { "type": "Polygon", "coordinates": [ [ [ 54.241302624824982, 29.142637564591542 ], [ 54.241182123855204, 29.147145200768446 ], [ 54.246316927411449, 29.147250897808078 ], [ 54.246437204792564, 29.142743242178394 ], [ 54.241302624824982, 29.142637564591542 ] ] ] } },
{ "type": "Feature", "properties": { "grid_id": "GRID-209", "commodity": "iron", "model_status": "BLOCKED_INSUFFICIENT_DATA", "prospectivity_score": "<NA>", "blocking_reason_fa": "رکوردهای آهن موجود مختصات معدن منفرد و لایه میزبان قابل مدل‌سازی ندارند." }, "geometry": { "type": "Polygon", "coordinates": [ [ [ 54.241182123855204, 29.147145200768446 ], [ 54.241061595363135, 29.151652833455874 ], [ 54.246196622559019, 29.151758549949935 ], [ 54.246316927411449, 29.147250897808078 ], [ 54.241182123855204, 29.147145200768446 ] ] ] } },
{ "type": "Feature", "properties": { "grid_id": "GRID-210", "commodity": "iron", "model_status": "BLOCKED_INSUFFICIENT_DATA", "prospectivity_score": "<NA>", "blocking_reason_fa": "رکوردهای آهن موجود مختصات معدن منفرد و لایه میزبان قابل مدل‌سازی ندارند." }, "geometry": { "type": "Polygon", "coordinates": [ [ [ 54.241061595363135, 29.151652833455874 ], [ 54.240941039343696, 29.156160462653414 ], [ 54.246076290230206, 29.156266198603564 ], [ 54.246196622559019, 29.151758549949935 ], [ 54.241061595363135, 29.151652833455874 ] ] ] } },
{ "type": "Feature", "properties": { "grid_id": "GRID-211", "commodity": "iron", "model_status": "BLOCKED_INSUFFICIENT_DATA", "prospectivity_score": "<NA>", "blocking_reason_fa": "رکوردهای آهن موجود مختصات معدن منفرد و لایه میزبان قابل مدل‌سازی ندارند." }, "geometry": { "type": "Polygon", "coordinates": [ [ [ 54.240941039343696, 29.156160462653414 ], [ 54.240820455791805, 29.160668088360655 ], [ 54.245955930419939, 29.160773843768553 ], [ 54.246076290230206, 29.156266198603564 ], [ 54.240941039343696, 29.156160462653414 ] ] ] } },
{ "type": "Feature", "properties": { "grid_id": "GRID-212", "commodity": "iron", "model_status": "BLOCKED_INSUFFICIENT_DATA", "prospectivity_score": "<NA>", "blocking_reason_fa": "رکوردهای آهن موجود مختصات معدن منفرد و لایه میزبان قابل مدل‌سازی ندارند." }, "geometry": { "type": "Polygon", "coordinates": [ [ [ 54.240820455791805, 29.160668088360655 ], [ 54.240699844702412, 29.165175710577177 ], [ 54.245835543123164, 29.165281485444478 ], [ 54.245955930419939, 29.160773843768553 ], [ 54.240820455791805, 29.160668088360655 ] ] ] } },
{ "type": "Feature", "properties": { "grid_id": "GRID-213", "commodity": "iron", "model_status": "BLOCKED_INSUFFICIENT_DATA", "prospectivity_score": "<NA>", "blocking_reason_fa": "رکوردهای آهن موجود مختصات معدن منفرد و لایه میزبان قابل مدل‌سازی ندارند." }, "geometry": { "type": "Polygon", "coordinates": [ [ [ 54.240699844702412, 29.165175710577177 ], [ 54.240579206070421, 29.169683329302575 ], [ 54.245715128334808, 29.169789123630938 ], [ 54.245835543123164, 29.165281485444478 ], [ 54.240699844702412, 29.165175710577177 ] ] ] } },
{ "type": "Feature", "properties": { "grid_id": "GRID-214", "commodity": "iron", "model_status": "BLOCKED_INSUFFICIENT_DATA", "prospectivity_score": "<NA>", "blocking_reason_fa": "رکوردهای آهن موجود مختصات معدن منفرد و لایه میزبان قابل مدل‌سازی ندارند." }, "geometry": { "type": "Polygon", "coordinates": [ [ [ 54.240579206070421, 29.169683329302575 ], [ 54.240458539890753, 29.174190944536406 ], [ 54.245594686049806, 29.174296758327486 ], [ 54.245715128334808, 29.169789123630938 ], [ 54.240579206070421, 29.169683329302575 ] ] ] } },
{ "type": "Feature", "properties": { "grid_id": "GRID-215", "commodity": "iron", "model_status": "BLOCKED_INSUFFICIENT_DATA", "prospectivity_score": "<NA>", "blocking_reason_fa": "رکوردهای آهن موجود مختصات معدن منفرد و لایه میزبان قابل مدل‌سازی ندارند." }, "geometry": { "type": "Polygon", "coordinates": [ [ [ 54.240458539890753, 29.174190944536406 ], [ 54.24033784615834, 29.178698556278277 ], [ 54.245474216263091, 29.178804389533735 ], [ 54.245594686049806, 29.174296758327486 ], [ 54.240458539890753, 29.174190944536406 ] ] ] } },
{ "type": "Feature", "properties": { "grid_id": "GRID-216", "commodity": "iron", "model_status": "BLOCKED_INSUFFICIENT_DATA", "prospectivity_score": "<NA>", "blocking_reason_fa": "رکوردهای آهن موجود مختصات معدن منفرد و لایه میزبان قابل مدل‌سازی ندارند." }, "geometry": { "type": "Polygon", "coordinates": [ [ [ 54.24033784615834, 29.178698556278277 ], [ 54.240217124868096, 29.183206164527782 ], [ 54.245353718969582, 29.183312017249275 ], [ 54.245474216263091, 29.178804389533735 ], [ 54.24033784615834, 29.178698556278277 ] ] ] } },
{ "type": "Feature", "properties": { "grid_id": "GRID-217", "commodity": "iron", "model_status": "BLOCKED_INSUFFICIENT_DATA", "prospectivity_score": "<NA>", "blocking_reason_fa": "رکوردهای آهن موجود مختصات معدن منفرد و لایه میزبان قابل مدل‌سازی ندارند." }, "geometry": { "type": "Polygon", "coordinates": [ [ [ 54.240217124868096, 29.183206164527782 ], [ 54.240096376014939, 29.187713769284468 ], [ 54.245233194164214, 29.18781964147367 ], [ 54.245353718969582, 29.183312017249275 ], [ 54.240217124868096, 29.183206164527782 ] ] ] } },
{ "type": "Feature", "properties": { "grid_id": "GRID-218", "commodity": "iron", "model_status": "BLOCKED_INSUFFICIENT_DATA", "prospectivity_score": "<NA>", "blocking_reason_fa": "رکوردهای آهن موجود مختصات معدن منفرد و لایه میزبان قابل مدل‌سازی ندارند." }, "geometry": { "type": "Polygon", "coordinates": [ [ [ 54.240096376014939, 29.187713769284468 ], [ 54.239975599593784, 29.192221370547966 ], [ 54.245112641841907, 29.192327262206518 ], [ 54.245233194164214, 29.18781964147367 ], [ 54.240096376014939, 29.187713769284468 ] ] ] } },
{ "type": "Feature", "properties": { "grid_id": "GRID-219", "commodity": "iron", "model_status": "BLOCKED_INSUFFICIENT_DATA", "prospectivity_score": "<NA>", "blocking_reason_fa": "رکوردهای آهن موجود مختصات معدن منفرد و لایه میزبان قابل مدل‌سازی ندارند." }, "geometry": { "type": "Polygon", "coordinates": [ [ [ 54.239975599593784, 29.192221370547966 ], [ 54.239854795599548, 29.196728968317835 ], [ 54.244992061997593, 29.196834879447405 ], [ 54.245112641841907, 29.192327262206518 ], [ 54.239975599593784, 29.192221370547966 ] ] ] } },
{ "type": "Feature", "properties": { "grid_id": "GRID-220", "commodity": "iron", "model_status": "BLOCKED_INSUFFICIENT_DATA", "prospectivity_score": "<NA>", "blocking_reason_fa": "رکوردهای آهن موجود مختصات معدن منفرد و لایه میزبان قابل مدل‌سازی ندارند." }, "geometry": { "type": "Polygon", "coordinates": [ [ [ 54.239854795599548, 29.196728968317835 ], [ 54.239733964027138, 29.20123656259366 ], [ 54.244871454626178, 29.201342493195916 ], [ 54.244992061997593, 29.196834879447405 ], [ 54.239854795599548, 29.196728968317835 ] ] ] } },
{ "type": "Feature", "properties": { "grid_id": "GRID-221", "commodity": "iron", "model_status": "BLOCKED_INSUFFICIENT_DATA", "prospectivity_score": "<NA>", "blocking_reason_fa": "رکوردهای آهن موجود مختصات معدن منفرد و لایه میزبان قابل مدل‌سازی ندارند." }, "geometry": { "type": "Polygon", "coordinates": [ [ [ 54.244871454626178, 29.201342493195916 ], [ 54.239733964027138, 29.20123656259366 ], [ 54.239632787789965, 29.205010125102319 ], [ 54.244773311727599, 29.205009751739855 ], [ 54.244871454626178, 29.201342493195916 ] ] ] } },
{ "type": "Feature", "properties": { "grid_id": "GRID-222", "commodity": "iron", "model_status": "BLOCKED_INSUFFICIENT_DATA", "prospectivity_score": "<NA>", "blocking_reason_fa": "رکوردهای آهن موجود مختصات معدن منفرد و لایه میزبان قابل مدل‌سازی ندارند." }, "geometry": { "type": "Polygon", "coordinates": [ [ [ 54.24667767716106, 29.13372792045725 ], [ 54.251811837560361, 29.133833362837905 ], [ 54.251913627236647, 29.130008890671206 ], [ 54.246776828253445, 29.130009537338477 ], [ 54.24667767716106, 29.13372792045725 ] ] ] } },
{ "type": "Feature", "properties": { "grid_id": "GRID-223", "commodity": "iron", "model_status": "BLOCKED_INSUFFICIENT_DATA", "prospectivity_score": "<NA>", "blocking_reason_fa": "رکوردهای آهن موجود مختصات معدن منفرد و لایه میزبان قابل مدل‌سازی ندارند." }, "geometry": { "type": "Polygon", "coordinates": [ [ [ 54.24667767716106, 29.13372792045725 ], [ 54.246557454707414, 29.13823558306132 ], [ 54.251691838598511, 29.138341044855331 ], [ 54.251811837560361, 29.133833362837905 ], [ 54.24667767716106, 29.13372792045725 ] ] ] } },
{ "type": "Feature", "properties": { "grid_id": "GRID-224", "commodity": "iron", "model_status": "BLOCKED_INSUFFICIENT_DATA", "prospectivity_score": "<NA>", "blocking_reason_fa": "رکوردهای آهن موجود مختصات معدن منفرد و لایه میزبان قابل مدل‌سازی ندارند." }, "geometry": { "type": "Polygon", "coordinates": [ [ [ 54.246557454707414, 29.13823558306132 ], [ 54.246437204792564, 29.142743242178394 ], [ 54.251571812226409, 29.142848723387427 ], [ 54.251691838598511, 29.138341044855331 ], [ 54.246557454707414, 29.13823558306132 ] ] ] } },
{ "type": "Feature", "properties": { "grid_id": "GRID-225", "commodity": "iron", "model_status": "BLOCKED_INSUFFICIENT_DATA", "prospectivity_score": "<NA>", "blocking_reason_fa": "رکوردهای آهن موجود مختصات معدن منفرد و لایه میزبان قابل مدل‌سازی ندارند." }, "geometry": { "type": "Polygon", "coordinates": [ [ [ 54.246437204792564, 29.142743242178394 ], [ 54.246316927411449, 29.147250897808078 ], [ 54.251451758439025, 29.147356398433782 ], [ 54.251571812226409, 29.142848723387427 ], [ 54.246437204792564, 29.142743242178394 ] ] ] } },
{ "type": "Feature", "properties": { "grid_id": "GRID-226", "commodity": "iron", "model_status": "BLOCKED_INSUFFICIENT_DATA", "prospectivity_score": "<NA>", "blocking_reason_fa": "رکوردهای آهن موجود مختصات معدن منفرد و لایه میزبان قابل مدل‌سازی ندارند." }, "geometry": { "type": "Polygon", "coordinates": [ [ [ 54.246316927411449, 29.147250897808078 ], [ 54.246196622559019, 29.151758549949935 ], [ 54.251331677231285, 29.151864069993962 ], [ 54.251451758439025, 29.147356398433782 ], [ 54.246316927411449, 29.147250897808078 ] ] ] } },
{ "type": "Feature", "properties": { "grid_id": "GRID-227", "commodity": "iron", "model_status": "BLOCKED_INSUFFICIENT_DATA", "prospectivity_score": "<NA>", "blocking_reason_fa": "رکوردهای آهن موجود مختصات معدن منفرد و لایه میزبان قابل مدل‌سازی ندارند." }, "geometry": { "type": "Polygon", "coordinates": [ [ [ 54.246196622559019, 29.151758549949935 ], [ 54.246076290230206, 29.156266198603564 ], [ 54.251211568598158, 29.156371738067563 ], [ 54.251331677231285, 29.151864069993962 ], [ 54.246196622559019, 29.151758549949935 ] ] ] } },
{ "type": "Feature", "properties": { "grid_id": "GRID-228", "commodity": "iron", "model_status": "BLOCKED_INSUFFICIENT_DATA", "prospectivity_score": "<NA>", "blocking_reason_fa": "رکوردهای آهن موجود مختصات معدن منفرد و لایه میزبان قابل مدل‌سازی ندارند." }, "geometry": { "type": "Polygon", "coordinates": [ [ [ 54.246076290230206, 29.156266198603564 ], [ 54.245955930419939, 29.160773843768553 ], [ 54.251091432534579, 29.160879402654178 ], [ 54.251211568598158, 29.156371738067563 ], [ 54.246076290230206, 29.156266198603564 ] ] ] } },
{ "type": "Feature", "properties": { "grid_id": "GRID-229", "commodity": "iron", "model_status": "BLOCKED_INSUFFICIENT_DATA", "prospectivity_score": "<NA>", "blocking_reason_fa": "رکوردهای آهن موجود مختصات معدن منفرد و لایه میزبان قابل مدل‌سازی ندارند." }, "geometry": { "type": "Polygon", "coordinates": [ [ [ 54.245955930419939, 29.160773843768553 ], [ 54.245835543123164, 29.165281485444478 ], [ 54.250971269035489, 29.165387063753393 ], [ 54.251091432534579, 29.160879402654178 ], [ 54.245955930419939, 29.160773843768553 ] ] ] } },
{ "type": "Feature", "properties": { "grid_id": "GRID-230", "commodity": "iron", "model_status": "BLOCKED_INSUFFICIENT_DATA", "prospectivity_score": "<NA>", "blocking_reason_fa": "رکوردهای آهن موجود مختصات معدن منفرد و لایه میزبان قابل مدل‌سازی ندارند." }, "geometry": { "type": "Polygon", "coordinates": [ [ [ 54.245835543123164, 29.165281485444478 ], [ 54.245715128334808, 29.169789123630938 ], [ 54.250851078095842, 29.169894721364781 ], [ 54.250971269035489, 29.165387063753393 ], [ 54.245835543123164, 29.165281485444478 ] ] ] } },
{ "type": "Feature", "properties": { "grid_id": "GRID-231", "commodity": "iron", "model_status": "BLOCKED_INSUFFICIENT_DATA", "prospectivity_score": "<NA>", "blocking_reason_fa": "رکوردهای آهن موجود مختصات معدن منفرد و لایه میزبان قابل مدل‌سازی ندارند." }, "geometry": { "type": "Polygon", "coordinates": [ [ [ 54.245715128334808, 29.169789123630938 ], [ 54.245594686049806, 29.174296758327486 ], [ 54.250730859710572, 29.174402375487922 ], [ 54.250851078095842, 29.169894721364781 ], [ 54.245715128334808, 29.169789123630938 ] ] ] } },
{ "type": "Feature", "properties": { "grid_id": "GRID-232", "commodity": "iron", "model_status": "BLOCKED_INSUFFICIENT_DATA", "prospectivity_score": "<NA>", "blocking_reason_fa": "رکوردهای آهن موجود مختصات معدن منفرد و لایه میزبان قابل مدل‌سازی ندارند." }, "geometry": { "type": "Polygon", "coordinates": [ [ [ 54.245594686049806, 29.174296758327486 ], [ 54.245474216263091, 29.178804389533735 ], [ 54.25061061387462, 29.178910026122423 ], [ 54.250730859710572, 29.174402375487922 ], [ 54.245594686049806, 29.174296758327486 ] ] ] } },
{ "type": "Feature", "properties": { "grid_id": "GRID-233", "commodity": "iron", "model_status": "BLOCKED_INSUFFICIENT_DATA", "prospectivity_score": "<NA>", "blocking_reason_fa": "رکوردهای آهن موجود مختصات معدن منفرد و لایه میزبان قابل مدل‌سازی ندارند." }, "geometry": { "type": "Polygon", "coordinates": [ [ [ 54.245474216263091, 29.178804389533735 ], [ 54.245353718969582, 29.183312017249275 ], [ 54.250490340582921, 29.183417673267858 ], [ 54.25061061387462, 29.178910026122423 ], [ 54.245474216263091, 29.178804389533735 ] ] ] } },
{ "type": "Feature", "properties": { "grid_id": "GRID-234", "commodity": "iron", "model_status": "BLOCKED_INSUFFICIENT_DATA", "prospectivity_score": "<NA>", "blocking_reason_fa": "رکوردهای آهن موجود مختصات معدن منفرد و لایه میزبان قابل مدل‌سازی ندارند." }, "geometry": { "type": "Polygon", "coordinates": [ [ [ 54.245353718969582, 29.183312017249275 ], [ 54.245233194164214, 29.18781964147367 ], [ 54.250370039830422, 29.187925316923813 ], [ 54.250490340582921, 29.183417673267858 ], [ 54.245353718969582, 29.183312017249275 ] ] ] } },
{ "type": "Feature", "properties": { "grid_id": "GRID-235", "commodity": "iron", "model_status": "BLOCKED_INSUFFICIENT_DATA", "prospectivity_score": "<NA>", "blocking_reason_fa": "رکوردهای آهن موجود مختصات معدن منفرد و لایه میزبان قابل مدل‌سازی ندارند." }, "geometry": { "type": "Polygon", "coordinates": [ [ [ 54.245233194164214, 29.18781964147367 ], [ 54.245112641841907, 29.192327262206518 ], [ 54.250249711612042, 29.192432957089881 ], [ 54.250370039830422, 29.187925316923813 ], [ 54.245233194164214, 29.18781964147367 ] ] ] } },
{ "type": "Feature", "properties": { "grid_id": "GRID-236", "commodity": "iron", "model_status": "BLOCKED_INSUFFICIENT_DATA", "prospectivity_score": "<NA>", "blocking_reason_fa": "رکوردهای آهن موجود مختصات معدن منفرد و لایه میزبان قابل مدل‌سازی ندارند." }, "geometry": { "type": "Polygon", "coordinates": [ [ [ 54.245112641841907, 29.192327262206518 ], [ 54.244992061997593, 29.196834879447405 ], [ 54.250129355922716, 29.196940593765646 ], [ 54.250249711612042, 29.192432957089881 ], [ 54.245112641841907, 29.192327262206518 ] ] ] } },
{ "type": "Feature", "properties": { "grid_id": "GRID-237", "commodity": "iron", "model_status": "BLOCKED_INSUFFICIENT_DATA", "prospectivity_score": "<NA>", "blocking_reason_fa": "رکوردهای آهن موجود مختصات معدن منفرد و لایه میزبان قابل مدل‌سازی ندارند." }, "geometry": { "type": "Polygon", "coordinates": [ [ [ 54.244992061997593, 29.196834879447405 ], [ 54.244871454626178, 29.201342493195916 ], [ 54.250008972757385, 29.201448226950689 ], [ 54.250129355922716, 29.196940593765646 ], [ 54.244992061997593, 29.196834879447405 ] ] ] } },
{ "type": "Feature", "properties": { "grid_id": "GRID-238", "commodity": "iron", "model_status": "BLOCKED_INSUFFICIENT_DATA", "prospectivity_score": "<NA>", "blocking_reason_fa": "رکوردهای آهن موجود مختصات معدن منفرد و لایه میزبان قابل مدل‌سازی ندارند." }, "geometry": { "type": "Polygon", "coordinates": [ [ [ 54.250008972757385, 29.201448226950689 ], [ 54.244871454626178, 29.201342493195916 ], [ 54.244773311727599, 29.205009751739855 ], [ 54.249913852606547, 29.205009180580717 ], [ 54.250008972757385, 29.201448226950689 ] ] ] } },
{ "type": "Feature", "properties": { "grid_id": "GRID-239", "commodity": "iron", "model_status": "BLOCKED_INSUFFICIENT_DATA", "prospectivity_score": "<NA>", "blocking_reason_fa": "رکوردهای آهن موجود مختصات معدن منفرد و لایه میزبان قابل مدل‌سازی ندارند." }, "geometry": { "type": "Polygon", "coordinates": [ [ [ 54.251811837560361, 29.133833362837905 ], [ 54.256946025364861, 29.133938608909126 ], [ 54.257050443090471, 29.130008046810513 ], [ 54.251913627236647, 29.130008890671206 ], [ 54.251811837560361, 29.133833362837905 ] ] ] } },
{ "type": "Feature", "properties": { "grid_id": "GRID-240", "commodity": "iron", "model_status": "BLOCKED_INSUFFICIENT_DATA", "prospectivity_score": "<NA>", "blocking_reason_fa": "رکوردهای آهن موجود مختصات معدن منفرد و لایه میزبان قابل مدل‌سازی ندارند." }, "geometry": { "type": "Polygon", "coordinates": [ [ [ 54.251811837560361, 29.133833362837905 ], [ 54.251691838598511, 29.138341044855331 ], [ 54.256826249899845, 29.13844631030382 ], [ 54.256946025364861, 29.133938608909126 ], [ 54.251811837560361, 29.133833362837905 ] ] ] } },
{ "type": "Feature", "properties": { "grid_id": "GRID-241", "commodity": "iron", "model_status": "BLOCKED_INSUFFICIENT_DATA", "prospectivity_score": "<NA>", "blocking_reason_fa": "رکوردهای آهن موجود مختصات معدن منفرد و لایه میزبان قابل مدل‌سازی ندارند." }, "geometry": { "type": "Polygon", "coordinates": [ [ [ 54.251691838598511, 29.138341044855331 ], [ 54.251571812226409, 29.142848723387427 ], [ 54.256706447075551, 29.142954008214822 ], [ 54.256826249899845, 29.13844631030382 ], [ 54.251691838598511, 29.138341044855331 ] ] ] } },
{ "type": "Feature", "properties": { "grid_id": "GRID-242", "commodity": "iron", "model_status": "BLOCKED_INSUFFICIENT_DATA", "prospectivity_score": "<NA>", "blocking_reason_fa": "رکوردهای آهن موجود مختصات معدن منفرد و لایه میزبان قابل مدل‌سازی ندارند." }, "geometry": { "type": "Polygon", "coordinates": [ [ [ 54.251571812226409, 29.142848723387427 ], [ 54.251451758439025, 29.147356398433782 ], [ 54.256586616886935, 29.147461702641728 ], [ 54.256706447075551, 29.142954008214822 ], [ 54.251571812226409, 29.142848723387427 ] ] ] } },
{ "type": "Feature", "properties": { "grid_id": "GRID-243", "commodity": "iron", "model_status": "BLOCKED_INSUFFICIENT_DATA", "prospectivity_score": "<NA>", "blocking_reason_fa": "رکوردهای آهن موجود مختصات معدن منفرد و لایه میزبان قابل مدل‌سازی ندارند." }, "geometry": { "type": "Polygon", "coordinates": [ [ [ 54.251451758439025, 29.147356398433782 ], [ 54.251331677231285, 29.151864069993962 ], [ 54.256466759328951, 29.151969393584132 ], [ 54.256586616886935, 29.147461702641728 ], [ 54.251451758439025, 29.147356398433782 ] ] ] } },
{ "type": "Feature", "properties": { "grid_id": "GRID-244", "commodity": "iron", "model_status": "BLOCKED_INSUFFICIENT_DATA", "prospectivity_score": "<NA>", "blocking_reason_fa": "رکوردهای آهن موجود مختصات معدن منفرد و لایه میزبان قابل مدل‌سازی ندارند." }, "geometry": { "type": "Polygon", "coordinates": [ [ [ 54.251331677231285, 29.151864069993962 ], [ 54.251211568598158, 29.156371738067563 ], [ 54.256346874396563, 29.156477081041583 ], [ 54.256466759328951, 29.151969393584132 ], [ 54.251331677231285, 29.151864069993962 ] ] ] } },
{ "type": "Feature", "properties": { "grid_id": "GRID-245", "commodity": "iron", "model_status": "BLOCKED_INSUFFICIENT_DATA", "prospectivity_score": "<NA>", "blocking_reason_fa": "رکوردهای آهن موجود مختصات معدن منفرد و لایه میزبان قابل مدل‌سازی ندارند." }, "geometry": { "type": "Polygon", "coordinates": [ [ [ 54.251211568598158, 29.156371738067563 ], [ 54.251091432534579, 29.160879402654178 ], [ 54.256226962084718, 29.160984765013701 ], [ 54.256346874396563, 29.156477081041583 ], [ 54.251211568598158, 29.156371738067563 ] ] ] } },
{ "type": "Feature", "properties": { "grid_id": "GRID-246", "commodity": "iron", "model_status": "BLOCKED_INSUFFICIENT_DATA", "prospectivity_score": "<NA>", "blocking_reason_fa": "رکوردهای آهن موجود مختصات معدن منفرد و لایه میزبان قابل مدل‌سازی ندارند." }, "geometry": { "type": "Polygon", "coordinates": [ [ [ 54.251091432534579, 29.160879402654178 ], [ 54.250971269035489, 29.165387063753393 ], [ 54.256107022388377, 29.165492445500075 ], [ 54.256226962084718, 29.160984765013701 ], [ 54.251091432534579, 29.160879402654178 ] ] ] } },
{ "type": "Feature", "properties": { "grid_id": "GRID-247", "commodity": "iron", "model_status": "BLOCKED_INSUFFICIENT_DATA", "prospectivity_score": "<NA>", "blocking_reason_fa": "رکوردهای آهن موجود مختصات معدن منفرد و لایه میزبان قابل مدل‌سازی ندارند." }, "geometry": { "type": "Polygon", "coordinates": [ [ [ 54.250971269035489, 29.165387063753393 ], [ 54.250851078095842, 29.169894721364781 ], [ 54.255987055302498, 29.170000122500269 ], [ 54.256107022388377, 29.165492445500075 ], [ 54.250971269035489, 29.165387063753393 ] ] ] } },
{ "type": "Feature", "properties": { "grid_id": "GRID-248", "commodity": "iron", "model_status": "BLOCKED_INSUFFICIENT_DATA", "prospectivity_score": "<NA>", "blocking_reason_fa": "رکوردهای آهن موجود مختصات معدن منفرد و لایه میزبان قابل مدل‌سازی ندارند." }, "geometry": { "type": "Polygon", "coordinates": [ [ [ 54.250851078095842, 29.169894721364781 ], [ 54.250730859710572, 29.174402375487922 ], [ 54.25586706082202, 29.174507796013884 ], [ 54.255987055302498, 29.170000122500269 ], [ 54.250851078095842, 29.169894721364781 ] ] ] } },
{ "type": "Feature", "properties": { "grid_id": "GRID-249", "commodity": "iron", "model_status": "BLOCKED_INSUFFICIENT_DATA", "prospectivity_score": "<NA>", "blocking_reason_fa": "رکوردهای آهن موجود مختصات معدن منفرد و لایه میزبان قابل مدل‌سازی ندارند." }, "geometry": { "type": "Polygon", "coordinates": [ [ [ 54.250730859710572, 29.174402375487922 ], [ 54.25061061387462, 29.178910026122423 ], [ 54.255747038941898, 29.179015466040504 ], [ 54.25586706082202, 29.174507796013884 ], [ 54.250730859710572, 29.174402375487922 ] ] ] } },
{ "type": "Feature", "properties": { "grid_id": "GRID-250", "commodity": "iron", "model_status": "BLOCKED_INSUFFICIENT_DATA", "prospectivity_score": "<NA>", "blocking_reason_fa": "رکوردهای آهن موجود مختصات معدن منفرد و لایه میزبان قابل مدل‌سازی ندارند." }, "geometry": { "type": "Polygon", "coordinates": [ [ [ 54.25061061387462, 29.178910026122423 ], [ 54.250490340582921, 29.183417673267858 ], [ 54.255626989657074, 29.183523132579715 ], [ 54.255747038941898, 29.179015466040504 ], [ 54.25061061387462, 29.178910026122423 ] ] ] } },
{ "type": "Feature", "properties": { "grid_id": "GRID-251", "commodity": "iron", "model_status": "BLOCKED_INSUFFICIENT_DATA", "prospectivity_score": "<NA>", "blocking_reason_fa": "رکوردهای آهن موجود مختصات معدن منفرد و لایه میزبان قابل مدل‌سازی ندارند." }, "geometry": { "type": "Polygon", "coordinates": [ [ [ 54.250490340582921, 29.183417673267858 ], [ 54.250370039830422, 29.187925316923813 ], [ 54.255506912962495, 29.188030795631089 ], [ 54.255626989657074, 29.183523132579715 ], [ 54.250490340582921, 29.183417673267858 ] ] ] } },
{ "type": "Feature", "properties": { "grid_id": "GRID-252", "commodity": "iron", "model_status": "BLOCKED_INSUFFICIENT_DATA", "prospectivity_score": "<NA>", "blocking_reason_fa": "رکوردهای آهن موجود مختصات معدن منفرد و لایه میزبان قابل مدل‌سازی ندارند." }, "geometry": { "type": "Polygon", "coordinates": [ [ [ 54.250370039830422, 29.187925316923813 ], [ 54.250249711612042, 29.192432957089881 ], [ 54.25538680885311, 29.192538455194224 ], [ 54.255506912962495, 29.188030795631089 ], [ 54.250370039830422, 29.187925316923813 ] ] ] } },
{ "type": "Feature", "properties": { "grid_id": "GRID-253", "commodity": "iron", "model_status": "BLOCKED_INSUFFICIENT_DATA", "prospectivity_score": "<NA>", "blocking_reason_fa": "رکوردهای آهن موجود مختصات معدن منفرد و لایه میزبان قابل مدل‌سازی ندارند." }, "geometry": { "type": "Polygon", "coordinates": [ [ [ 54.250249711612042, 29.192432957089881 ], [ 54.250129355922716, 29.196940593765646 ], [ 54.25526667732386, 29.19704611126873 ], [ 54.25538680885311, 29.192538455194224 ], [ 54.250249711612042, 29.192432957089881 ] ] ] } },
{ "type": "Feature", "properties": { "grid_id": "GRID-254", "commodity": "iron", "model_status": "BLOCKED_INSUFFICIENT_DATA", "prospectivity_score": "<NA>", "blocking_reason_fa": "رکوردهای آهن موجود مختصات معدن منفرد و لایه میزبان قابل مدل‌سازی ندارند." }, "geometry": { "type": "Polygon", "coordinates": [ [ [ 54.250129355922716, 29.196940593765646 ], [ 54.250008972757385, 29.201448226950689 ], [ 54.255146518369678, 29.201553763854161 ], [ 54.25526667732386, 29.19704611126873 ], [ 54.250129355922716, 29.196940593765646 ] ] ] } },
{ "type": "Feature", "properties": { "grid_id": "GRID-255", "commodity": "iron", "model_status": "BLOCKED_INSUFFICIENT_DATA", "prospectivity_score": "<NA>", "blocking_reason_fa": "رکوردهای آهن موجود مختصات معدن منفرد و لایه میزبان قابل مدل‌سازی ندارند." }, "geometry": { "type": "Polygon", "coordinates": [ [ [ 54.255146518369678, 29.201553763854161 ], [ 54.250008972757385, 29.201448226950689 ], [ 54.249913852606547, 29.205009180580717 ], [ 54.255054410375422, 29.205008411623616 ], [ 54.255146518369678, 29.201553763854161 ] ] ] } },
{ "type": "Feature", "properties": { "grid_id": "GRID-256", "commodity": "iron", "model_status": "BLOCKED_INSUFFICIENT_DATA", "prospectivity_score": "<NA>", "blocking_reason_fa": "رکوردهای آهن موجود مختصات معدن منفرد و لایه میزبان قابل مدل‌سازی ندارند." }, "geometry": { "type": "Polygon", "coordinates": [ [ [ 54.256946025364861, 29.133938608909126 ], [ 54.262080240523609, 29.134043658667121 ], [ 54.262187275763694, 29.130007005755129 ], [ 54.257050443090471, 29.130008046810513 ], [ 54.256946025364861, 29.133938608909126 ] ] ] } },
{ "type": "Feature", "properties": { "grid_id": "GRID-257", "commodity": "iron", "model_status": "BLOCKED_INSUFFICIENT_DATA", "prospectivity_score": "<NA>", "blocking_reason_fa": "رکوردهای آهن موجود مختصات معدن منفرد و لایه میزبان قابل مدل‌سازی ندارند." }, "geometry": { "type": "Polygon", "coordinates": [ [ [ 54.256946025364861, 29.133938608909126 ], [ 54.256826249899845, 29.13844631030382 ], [ 54.261960688560471, 29.138551379402962 ], [ 54.262080240523609, 29.134043658667121 ], [ 54.256946025364861, 29.133938608909126 ] ] ] } },
{ "type": "Feature", "properties": { "grid_id": "GRID-258", "commodity": "iron", "model_status": "BLOCKED_INSUFFICIENT_DATA", "prospectivity_score": "<NA>", "blocking_reason_fa": "رکوردهای آهن موجود مختصات معدن منفرد و لایه میزبان قابل مدل‌سازی ندارند." }, "geometry": { "type": "Polygon", "coordinates": [ [ [ 54.256826249899845, 29.13844631030382 ], [ 54.256706447075551, 29.142954008214822 ], [ 54.261841109289009, 29.14305909665676 ], [ 54.261960688560471, 29.138551379402962 ], [ 54.256826249899845, 29.13844631030382 ] ] ] } },
{ "type": "Feature", "properties": { "grid_id": "GRID-259", "commodity": "iron", "model_status": "BLOCKED_INSUFFICIENT_DATA", "prospectivity_score": "<NA>", "blocking_reason_fa": "رکوردهای آهن موجود مختصات معدن منفرد و لایه میزبان قابل مدل‌سازی ندارند." }, "geometry": { "type": "Polygon", "coordinates": [ [ [ 54.256706447075551, 29.142954008214822 ], [ 54.256586616886935, 29.147461702641728 ], [ 54.261721502704205, 29.147566810428113 ], [ 54.261841109289009, 29.14305909665676 ], [ 54.256706447075551, 29.142954008214822 ] ] ] } },
{ "type": "Feature", "properties": { "grid_id": "GRID-260", "commodity": "iron", "model_status": "BLOCKED_INSUFFICIENT_DATA", "prospectivity_score": "<NA>", "blocking_reason_fa": "رکوردهای آهن موجود مختصات معدن منفرد و لایه میزبان قابل مدل‌سازی ندارند." }, "geometry": { "type": "Polygon", "coordinates": [ [ [ 54.256586616886935, 29.147461702641728 ], [ 54.256466759328951, 29.151969393584132 ], [ 54.261601868801023, 29.152074520716596 ], [ 54.261721502704205, 29.147566810428113 ], [ 54.256586616886935, 29.147461702641728 ] ] ] } },
{ "type": "Feature", "properties": { "grid_id": "GRID-261", "commodity": "iron", "model_status": "BLOCKED_INSUFFICIENT_DATA", "prospectivity_score": "<NA>", "blocking_reason_fa": "رکوردهای آهن موجود مختصات معدن منفرد و لایه میزبان قابل مدل‌سازی ندارند." }, "geometry": { "type": "Polygon", "coordinates": [ [ [ 54.256466759328951, 29.151969393584132 ], [ 54.256346874396563, 29.156477081041583 ], [ 54.261482207574417, 29.156582227521803 ], [ 54.261601868801023, 29.152074520716596 ], [ 54.256466759328951, 29.151969393584132 ] ] ] } },
{ "type": "Feature", "properties": { "grid_id": "GRID-262", "commodity": "iron", "model_status": "BLOCKED_INSUFFICIENT_DATA", "prospectivity_score": "<NA>", "blocking_reason_fa": "رکوردهای آهن موجود مختصات معدن منفرد و لایه میزبان قابل مدل‌سازی ندارند." }, "geometry": { "type": "Polygon", "coordinates": [ [ [ 54.256346874396563, 29.156477081041583 ], [ 54.256226962084718, 29.160984765013701 ], [ 54.261362519019357, 29.161089930843307 ], [ 54.261482207574417, 29.156582227521803 ], [ 54.256346874396563, 29.156477081041583 ] ] ] } },
{ "type": "Feature", "properties": { "grid_id": "GRID-263", "commodity": "iron", "model_status": "BLOCKED_INSUFFICIENT_DATA", "prospectivity_score": "<NA>", "blocking_reason_fa": "رکوردهای آهن موجود مختصات معدن منفرد و لایه میزبان قابل مدل‌سازی ندارند." }, "geometry": { "type": "Polygon", "coordinates": [ [ [ 54.256226962084718, 29.160984765013701 ], [ 54.256107022388377, 29.165492445500075 ], [ 54.261242803130813, 29.165597630680718 ], [ 54.261362519019357, 29.161089930843307 ], [ 54.256226962084718, 29.160984765013701 ] ] ] } },
{ "type": "Feature", "properties": { "grid_id": "GRID-264", "commodity": "iron", "model_status": "BLOCKED_INSUFFICIENT_DATA", "prospectivity_score": "<NA>", "blocking_reason_fa": "رکوردهای آهن موجود مختصات معدن منفرد و لایه میزبان قابل مدل‌سازی ندارند." }, "geometry": { "type": "Polygon", "coordinates": [ [ [ 54.256107022388377, 29.165492445500075 ], [ 54.255987055302498, 29.170000122500269 ], [ 54.261123059903746, 29.170105327033603 ], [ 54.261242803130813, 29.165597630680718 ], [ 54.256107022388377, 29.165492445500075 ] ] ] } },
{ "type": "Feature", "properties": { "grid_id": "GRID-265", "commodity": "iron", "model_status": "BLOCKED_INSUFFICIENT_DATA", "prospectivity_score": "<NA>", "blocking_reason_fa": "رکوردهای آهن موجود مختصات معدن منفرد و لایه میزبان قابل مدل‌سازی ندارند." }, "geometry": { "type": "Polygon", "coordinates": [ [ [ 54.255987055302498, 29.170000122500269 ], [ 54.25586706082202, 29.174507796013884 ], [ 54.261003289333111, 29.174613019901539 ], [ 54.261123059903746, 29.170105327033603 ], [ 54.255987055302498, 29.170000122500269 ] ] ] } },
{ "type": "Feature", "properties": { "grid_id": "GRID-266", "commodity": "iron", "model_status": "BLOCKED_INSUFFICIENT_DATA", "prospectivity_score": "<NA>", "blocking_reason_fa": "رکوردهای آهن موجود مختصات معدن منفرد و لایه میزبان قابل مدل‌سازی ندارند." }, "geometry": { "type": "Polygon", "coordinates": [ [ [ 54.25586706082202, 29.174507796013884 ], [ 54.255747038941898, 29.179015466040504 ], [ 54.260883491413871, 29.179120709284142 ], [ 54.261003289333111, 29.174613019901539 ], [ 54.25586706082202, 29.174507796013884 ] ] ] } },
{ "type": "Feature", "properties": { "grid_id": "GRID-267", "commodity": "iron", "model_status": "BLOCKED_INSUFFICIENT_DATA", "prospectivity_score": "<NA>", "blocking_reason_fa": "رکوردهای آهن موجود مختصات معدن منفرد و لایه میزبان قابل مدل‌سازی ندارند." }, "geometry": { "type": "Polygon", "coordinates": [ [ [ 54.255747038941898, 29.179015466040504 ], [ 54.255626989657074, 29.183523132579715 ], [ 54.260763666140974, 29.183628395180985 ], [ 54.260883491413871, 29.179120709284142 ], [ 54.255747038941898, 29.179015466040504 ] ] ] } },
{ "type": "Feature", "properties": { "grid_id": "GRID-268", "commodity": "iron", "model_status": "BLOCKED_INSUFFICIENT_DATA", "prospectivity_score": "<NA>", "blocking_reason_fa": "رکوردهای آهن موجود مختصات معدن منفرد و لایه میزبان قابل مدل‌سازی ندارند." }, "geometry": { "type": "Polygon", "coordinates": [ [ [ 54.255626989657074, 29.183523132579715 ], [ 54.255506912962495, 29.188030795631089 ], [ 54.26064381350939, 29.18813607759164 ], [ 54.260763666140974, 29.183628395180985 ], [ 54.255626989657074, 29.183523132579715 ] ] ] } },
{ "type": "Feature", "properties": { "grid_id": "GRID-269", "commodity": "iron", "model_status": "BLOCKED_INSUFFICIENT_DATA", "prospectivity_score": "<NA>", "blocking_reason_fa": "رکوردهای آهن موجود مختصات معدن منفرد و لایه میزبان قابل مدل‌سازی ندارند." }, "geometry": { "type": "Polygon", "coordinates": [ [ [ 54.255506912962495, 29.188030795631089 ], [ 54.25538680885311, 29.192538455194224 ], [ 54.260523933514058, 29.192643756515722 ], [ 54.26064381350939, 29.18813607759164 ], [ 54.255506912962495, 29.188030795631089 ] ] ] } },
{ "type": "Feature", "properties": { "grid_id": "GRID-270", "commodity": "iron", "model_status": "BLOCKED_INSUFFICIENT_DATA", "prospectivity_score": "<NA>", "blocking_reason_fa": "رکوردهای آهن موجود مختصات معدن منفرد و لایه میزبان قابل مدل‌سازی ندارند." }, "geometry": { "type": "Polygon", "coordinates": [ [ [ 54.25538680885311, 29.192538455194224 ], [ 54.25526667732386, 29.19704611126873 ], [ 54.260404026149928, 29.1971514319528 ], [ 54.260523933514058, 29.192643756515722 ], [ 54.25538680885311, 29.192538455194224 ] ] ] } },
{ "type": "Feature", "properties": { "grid_id": "GRID-271", "commodity": "iron", "model_status": "BLOCKED_INSUFFICIENT_DATA", "prospectivity_score": "<NA>", "blocking_reason_fa": "رکوردهای آهن موجود مختصات معدن منفرد و لایه میزبان قابل مدل‌سازی ندارند." }, "geometry": { "type": "Polygon", "coordinates": [ [ [ 54.25526667732386, 29.19704611126873 ], [ 54.255146518369678, 29.201553763854161 ], [ 54.260284091411954, 29.201659103902468 ], [ 54.260404026149928, 29.1971514319528 ], [ 54.25526667732386, 29.19704611126873 ] ] ] } },
{ "type": "Feature", "properties": { "grid_id": "GRID-272", "commodity": "iron", "model_status": "BLOCKED_INSUFFICIENT_DATA", "prospectivity_score": "<NA>", "blocking_reason_fa": "رکوردهای آهن موجود مختصات معدن منفرد و لایه میزبان قابل مدل‌سازی ندارند." }, "geometry": { "type": "Polygon", "coordinates": [ [ [ 54.260284091411954, 29.201659103902468 ], [ 54.255146518369678, 29.201553763854161 ], [ 54.255054410375422, 29.205008411623616 ], [ 54.260194984982881, 29.205007444867299 ], [ 54.260284091411954, 29.201659103902468 ] ] ] } },
{ "type": "Feature", "properties": { "grid_id": "GRID-273", "commodity": "iron", "model_status": "BLOCKED_INSUFFICIENT_DATA", "prospectivity_score": "<NA>", "blocking_reason_fa": "رکوردهای آهن موجود مختصات معدن منفرد و لایه میزبان قابل مدل‌سازی ندارند." }, "geometry": { "type": "Polygon", "coordinates": [ [ [ 54.262080240523609, 29.134043658667121 ], [ 54.267214482985644, 29.134148512108041 ], [ 54.267324125205114, 29.130005767503793 ], [ 54.262187275763694, 29.130007005755129 ], [ 54.262080240523609, 29.134043658667121 ] ] ] } },
{ "type": "Feature", "properties": { "grid_id": "GRID-274", "commodity": "iron", "model_status": "BLOCKED_INSUFFICIENT_DATA", "prospectivity_score": "<NA>", "blocking_reason_fa": "رکوردهای آهن موجود مختصات معدن منفرد و لایه میزبان قابل مدل‌سازی ندارند." }, "geometry": { "type": "Polygon", "coordinates": [ [ [ 54.262080240523609, 29.134043658667121 ], [ 54.261960688560471, 29.138551379402962 ], [ 54.267095154529407, 29.138656252148934 ], [ 54.267214482985644, 29.134148512108041 ], [ 54.262080240523609, 29.134043658667121 ] ] ] } },
{ "type": "Feature", "properties": { "grid_id": "GRID-275", "commodity": "iron", "model_status": "BLOCKED_INSUFFICIENT_DATA", "prospectivity_score": "<NA>", "blocking_reason_fa": "رکوردهای آهن موجود مختصات معدن منفرد و لایه میزبان قابل مدل‌سازی ندارند." }, "geometry": { "type": "Polygon", "coordinates": [ [ [ 54.261960688560471, 29.138551379402962 ], [ 54.261841109289009, 29.14305909665676 ], [ 54.266975798815821, 29.143163988709425 ], [ 54.267095154529407, 29.138656252148934 ], [ 54.261960688560471, 29.138551379402962 ] ] ] } },
{ "type": "Feature", "properties": { "grid_id": "GRID-276", "commodity": "iron", "model_status": "BLOCKED_INSUFFICIENT_DATA", "prospectivity_score": "<NA>", "blocking_reason_fa": "رکوردهای آهن موجود مختصات معدن منفرد و لایه میزبان قابل مدل‌سازی ندارند." }, "geometry": { "type": "Polygon", "coordinates": [ [ [ 54.261841109289009, 29.14305909665676 ], [ 54.261721502704205, 29.147566810428113 ], [ 54.266856415839861, 29.147671721789113 ], [ 54.266975798815821, 29.143163988709425 ], [ 54.261841109289009, 29.14305909665676 ] ] ] } },
{ "type": "Feature", "properties": { "grid_id": "GRID-277", "commodity": "iron", "model_status": "BLOCKED_INSUFFICIENT_DATA", "prospectivity_score": "<NA>", "blocking_reason_fa": "رکوردهای آهن موجود مختصات معدن منفرد و لایه میزبان قابل مدل‌سازی ندارند." }, "geometry": { "type": "Polygon", "coordinates": [ [ [ 54.261721502704205, 29.147566810428113 ], [ 54.261601868801023, 29.152074520716596 ], [ 54.266737005596497, 29.152179451387568 ], [ 54.266856415839861, 29.147671721789113 ], [ 54.261721502704205, 29.147566810428113 ] ] ] } },
{ "type": "Feature", "properties": { "grid_id": "GRID-278", "commodity": "iron", "model_status": "BLOCKED_INSUFFICIENT_DATA", "prospectivity_score": "<NA>", "blocking_reason_fa": "رکوردهای آهن موجود مختصات معدن منفرد و لایه میزبان قابل مدل‌سازی ندارند." }, "geometry": { "type": "Polygon", "coordinates": [ [ [ 54.261601868801023, 29.152074520716596 ], [ 54.261482207574417, 29.156582227521803 ], [ 54.266617568080719, 29.156687177504395 ], [ 54.266737005596497, 29.152179451387568 ], [ 54.261601868801023, 29.152074520716596 ] ] ] } },
{ "type": "Feature", "properties": { "grid_id": "GRID-279", "commodity": "iron", "model_status": "BLOCKED_INSUFFICIENT_DATA", "prospectivity_score": "<NA>", "blocking_reason_fa": "رکوردهای آهن موجود مختصات معدن منفرد و لایه میزبان قابل مدل‌سازی ندارند." }, "geometry": { "type": "Polygon", "coordinates": [ [ [ 54.261482207574417, 29.156582227521803 ], [ 54.261362519019357, 29.161089930843307 ], [ 54.266498103287489, 29.161194900139176 ], [ 54.266617568080719, 29.156687177504395 ], [ 54.261482207574417, 29.156582227521803 ] ] ] } },
{ "type": "Feature", "properties": { "grid_id": "GRID-280", "commodity": "iron", "model_status": "BLOCKED_INSUFFICIENT_DATA", "prospectivity_score": "<NA>", "blocking_reason_fa": "رکوردهای آهن موجود مختصات معدن منفرد و لایه میزبان قابل مدل‌سازی ندارند." }, "geometry": { "type": "Polygon", "coordinates": [ [ [ 54.261362519019357, 29.161089930843307 ], [ 54.261242803130813, 29.165597630680718 ], [ 54.266378611211778, 29.165702619291483 ], [ 54.266498103287489, 29.161194900139176 ], [ 54.261362519019357, 29.161089930843307 ] ] ] } },
{ "type": "Feature", "properties": { "grid_id": "GRID-281", "commodity": "iron", "model_status": "BLOCKED_INSUFFICIENT_DATA", "prospectivity_score": "<NA>", "blocking_reason_fa": "رکوردهای آهن موجود مختصات معدن منفرد و لایه میزبان قابل مدل‌سازی ندارند." }, "geometry": { "type": "Polygon", "coordinates": [ [ [ 54.261242803130813, 29.165597630680718 ], [ 54.261123059903746, 29.170105327033603 ], [ 54.266259091848568, 29.170210334960931 ], [ 54.266378611211778, 29.165702619291483 ], [ 54.261242803130813, 29.165597630680718 ] ] ] } },
{ "type": "Feature", "properties": { "grid_id": "GRID-282", "commodity": "iron", "model_status": "BLOCKED_INSUFFICIENT_DATA", "prospectivity_score": "<NA>", "blocking_reason_fa": "رکوردهای آهن موجود مختصات معدن منفرد و لایه میزبان قابل مدل‌سازی ندارند." }, "geometry": { "type": "Polygon", "coordinates": [ [ [ 54.261123059903746, 29.170105327033603 ], [ 54.261003289333111, 29.174613019901539 ], [ 54.266139545192814, 29.174718047147074 ], [ 54.266259091848568, 29.170210334960931 ], [ 54.261123059903746, 29.170105327033603 ] ] ] } },
{ "type": "Feature", "properties": { "grid_id": "GRID-283", "commodity": "iron", "model_status": "BLOCKED_INSUFFICIENT_DATA", "prospectivity_score": "<NA>", "blocking_reason_fa": "رکوردهای آهن موجود مختصات معدن منفرد و لایه میزبان قابل مدل‌سازی ندارند." }, "geometry": { "type": "Polygon", "coordinates": [ [ [ 54.261003289333111, 29.174613019901539 ], [ 54.260883491413871, 29.179120709284142 ], [ 54.266019971239501, 29.179225755849533 ], [ 54.266139545192814, 29.174718047147074 ], [ 54.261003289333111, 29.174613019901539 ] ] ] } },
{ "type": "Feature", "properties": { "grid_id": "GRID-284", "commodity": "iron", "model_status": "BLOCKED_INSUFFICIENT_DATA", "prospectivity_score": "<NA>", "blocking_reason_fa": "رکوردهای آهن موجود مختصات معدن منفرد و لایه میزبان قابل مدل‌سازی ندارند." }, "geometry": { "type": "Polygon", "coordinates": [ [ [ 54.260883491413871, 29.179120709284142 ], [ 54.260763666140974, 29.183628395180985 ], [ 54.265900369983576, 29.18373346106787 ], [ 54.266019971239501, 29.179225755849533 ], [ 54.260883491413871, 29.179120709284142 ] ] ] } },
{ "type": "Feature", "properties": { "grid_id": "GRID-285", "commodity": "iron", "model_status": "BLOCKED_INSUFFICIENT_DATA", "prospectivity_score": "<NA>", "blocking_reason_fa": "رکوردهای آهن موجود مختصات معدن منفرد و لایه میزبان قابل مدل‌سازی ندارند." }, "geometry": { "type": "Polygon", "coordinates": [ [ [ 54.260763666140974, 29.183628395180985 ], [ 54.26064381350939, 29.18813607759164 ], [ 54.265780741420016, 29.188241162801667 ], [ 54.265900369983576, 29.18373346106787 ], [ 54.260763666140974, 29.183628395180985 ] ] ] } },
{ "type": "Feature", "properties": { "grid_id": "GRID-286", "commodity": "iron", "model_status": "BLOCKED_INSUFFICIENT_DATA", "prospectivity_score": "<NA>", "blocking_reason_fa": "رکوردهای آهن موجود مختصات معدن منفرد و لایه میزبان قابل مدل‌سازی ندارند." }, "geometry": { "type": "Polygon", "coordinates": [ [ [ 54.26064381350939, 29.18813607759164 ], [ 54.260523933514058, 29.192643756515722 ], [ 54.265661085543783, 29.192748861050536 ], [ 54.265780741420016, 29.188241162801667 ], [ 54.26064381350939, 29.18813607759164 ] ] ] } },
{ "type": "Feature", "properties": { "grid_id": "GRID-287", "commodity": "iron", "model_status": "BLOCKED_INSUFFICIENT_DATA", "prospectivity_score": "<NA>", "blocking_reason_fa": "رکوردهای آهن موجود مختصات معدن منفرد و لایه میزبان قابل مدل‌سازی ندارند." }, "geometry": { "type": "Polygon", "coordinates": [ [ [ 54.260523933514058, 29.192643756515722 ], [ 54.260404026149928, 29.1971514319528 ], [ 54.265541402349832, 29.197256555814068 ], [ 54.265661085543783, 29.192748861050536 ], [ 54.260523933514058, 29.192643756515722 ] ] ] } },
{ "type": "Feature", "properties": { "grid_id": "GRID-288", "commodity": "iron", "model_status": "BLOCKED_INSUFFICIENT_DATA", "prospectivity_score": "<NA>", "blocking_reason_fa": "رکوردهای آهن موجود مختصات معدن منفرد و لایه میزبان قابل مدل‌سازی ندارند." }, "geometry": { "type": "Polygon", "coordinates": [ [ [ 54.260404026149928, 29.1971514319528 ], [ 54.260284091411954, 29.201659103902468 ], [ 54.265421691833126, 29.201764247091816 ], [ 54.265541402349832, 29.197256555814068 ], [ 54.260404026149928, 29.1971514319528 ] ] ] } },
{ "type": "Feature", "properties": { "grid_id": "GRID-289", "commodity": "iron", "model_status": "BLOCKED_INSUFFICIENT_DATA", "prospectivity_score": "<NA>", "blocking_reason_fa": "رکوردهای آهن موجود مختصات معدن منفرد و لایه میزبان قابل مدل‌سازی ندارند." }, "geometry": { "type": "Polygon", "coordinates": [ [ [ 54.265421691833126, 29.201764247091816 ], [ 54.260284091411954, 29.201659103902468 ], [ 54.260194984982881, 29.205007444867299 ], [ 54.265335576377531, 29.205006280310492 ], [ 54.265421691833126, 29.201764247091816 ] ] ] } },
{ "type": "Feature", "properties": { "grid_id": "GRID-290", "commodity": "iron", "model_status": "BLOCKED_INSUFFICIENT_DATA", "prospectivity_score": "<NA>", "blocking_reason_fa": "رکوردهای آهن موجود مختصات معدن منفرد و لایه میزبان قابل مدل‌سازی ندارند." }, "geometry": { "type": "Polygon", "coordinates": [ [ [ 54.267214482985644, 29.134148512108041 ], [ 54.272348752700012, 29.13425316922811 ], [ 54.272460991363516, 29.130004332055243 ], [ 54.267324125205114, 29.130005767503793 ], [ 54.267214482985644, 29.134148512108041 ] ] ] } },
{ "type": "Feature", "properties": { "grid_id": "GRID-291", "commodity": "iron", "model_status": "BLOCKED_INSUFFICIENT_DATA", "prospectivity_score": "<NA>", "blocking_reason_fa": "رکوردهای آهن موجود مختصات معدن منفرد و لایه میزبان قابل مدل‌سازی ندارند." }, "geometry": { "type": "Polygon", "coordinates": [ [ [ 54.267214482985644, 29.134148512108041 ], [ 54.267095154529407, 29.138656252148934 ], [ 54.272229647755708, 29.138760928537941 ], [ 54.272348752700012, 29.13425316922811 ], [ 54.267214482985644, 29.134148512108041 ] ] ] } },
{ "type": "Feature", "properties": { "grid_id": "GRID-292", "commodity": "iron", "model_status": "BLOCKED_INSUFFICIENT_DATA", "prospectivity_score": "<NA>", "blocking_reason_fa": "رکوردهای آهن موجود مختصات معدن منفرد و لایه میزبان قابل مدل‌سازی ندارند." }, "geometry": { "type": "Polygon", "coordinates": [ [ [ 54.267095154529407, 29.138656252148934 ], [ 54.266975798815821, 29.143163988709425 ], [ 54.272110515605014, 29.143268684369012 ], [ 54.272229647755708, 29.138760928537941 ], [ 54.267095154529407, 29.138656252148934 ] ] ] } },
{ "type": "Feature", "properties": { "grid_id": "GRID-293", "commodity": "iron", "model_status": "BLOCKED_INSUFFICIENT_DATA", "prospectivity_score": "<NA>", "blocking_reason_fa": "رکوردهای آهن موجود مختصات معدن منفرد و لایه میزبان قابل مدل‌سازی ندارند." }, "geometry": { "type": "Polygon", "coordinates": [ [ [ 54.266975798815821, 29.143163988709425 ], [ 54.266856415839861, 29.147671721789113 ], [ 54.271991356242921, 29.147776436720918 ], [ 54.272110515605014, 29.143268684369012 ], [ 54.266975798815821, 29.143163988709425 ] ] ] } },
{ "type": "Feature", "properties": { "grid_id": "GRID-294", "commodity": "iron", "model_status": "BLOCKED_INSUFFICIENT_DATA", "prospectivity_score": "<NA>", "blocking_reason_fa": "رکوردهای آهن موجود مختصات معدن منفرد و لایه میزبان قابل مدل‌سازی ندارند." }, "geometry": { "type": "Polygon", "coordinates": [ [ [ 54.266856415839861, 29.147671721789113 ], [ 54.266737005596497, 29.152179451387568 ], [ 54.271872169664405, 29.152284185593238 ], [ 54.271991356242921, 29.147776436720918 ], [ 54.266856415839861, 29.147671721789113 ] ] ] } },
{ "type": "Feature", "properties": { "grid_id": "GRID-295", "commodity": "iron", "model_status": "BLOCKED_INSUFFICIENT_DATA", "prospectivity_score": "<NA>", "blocking_reason_fa": "رکوردهای آهن موجود مختصات معدن منفرد و لایه میزبان قابل مدل‌سازی ندارند." }, "geometry": { "type": "Polygon", "coordinates": [ [ [ 54.266737005596497, 29.152179451387568 ], [ 54.266617568080719, 29.156687177504395 ], [ 54.271752955864471, 29.15679193098557 ], [ 54.271872169664405, 29.152284185593238 ], [ 54.266737005596497, 29.152179451387568 ] ] ] } },
{ "type": "Feature", "properties": { "grid_id": "GRID-296", "commodity": "iron", "model_status": "BLOCKED_INSUFFICIENT_DATA", "prospectivity_score": "<NA>", "blocking_reason_fa": "رکوردهای آهن موجود مختصات معدن منفرد و لایه میزبان قابل مدل‌سازی ندارند." }, "geometry": { "type": "Polygon", "coordinates": [ [ [ 54.266617568080719, 29.156687177504395 ], [ 54.266498103287489, 29.161194900139176 ], [ 54.271633714838089, 29.161299672897481 ], [ 54.271752955864471, 29.15679193098557 ], [ 54.266617568080719, 29.156687177504395 ] ] ] } },
{ "type": "Feature", "properties": { "grid_id": "GRID-297", "commodity": "iron", "model_status": "BLOCKED_INSUFFICIENT_DATA", "prospectivity_score": "<NA>", "blocking_reason_fa": "رکوردهای آهن موجود مختصات معدن منفرد و لایه میزبان قابل مدل‌سازی ندارند." }, "geometry": { "type": "Polygon", "coordinates": [ [ [ 54.266498103287489, 29.161194900139176 ], [ 54.266378611211778, 29.165702619291483 ], [ 54.271514446580248, 29.165807411328583 ], [ 54.271633714838089, 29.161299672897481 ], [ 54.266498103287489, 29.161194900139176 ] ] ] } },
{ "type": "Feature", "properties": { "grid_id": "GRID-298", "commodity": "iron", "model_status": "BLOCKED_INSUFFICIENT_DATA", "prospectivity_score": "<NA>", "blocking_reason_fa": "رکوردهای آهن موجود مختصات معدن منفرد و لایه میزبان قابل مدل‌سازی ندارند." }, "geometry": { "type": "Polygon", "coordinates": [ [ [ 54.266378611211778, 29.165702619291483 ], [ 54.266259091848568, 29.170210334960931 ], [ 54.271395151085919, 29.170315146278451 ], [ 54.271514446580248, 29.165807411328583 ], [ 54.266378611211778, 29.165702619291483 ] ] ] } },
{ "type": "Feature", "properties": { "grid_id": "GRID-299", "commodity": "iron", "model_status": "BLOCKED_INSUFFICIENT_DATA", "prospectivity_score": "<NA>", "blocking_reason_fa": "رکوردهای آهن موجود مختصات معدن منفرد و لایه میزبان قابل مدل‌سازی ندارند." }, "geometry": { "type": "Polygon", "coordinates": [ [ [ 54.266259091848568, 29.170210334960931 ], [ 54.266139545192814, 29.174718047147074 ], [ 54.271275828350085, 29.174822877746678 ], [ 54.271395151085919, 29.170315146278451 ], [ 54.266259091848568, 29.170210334960931 ] ] ] } },
{ "type": "Feature", "properties": { "grid_id": "GRID-300", "commodity": "iron", "model_status": "BLOCKED_INSUFFICIENT_DATA", "prospectivity_score": "<NA>", "blocking_reason_fa": "رکوردهای آهن موجود مختصات معدن منفرد و لایه میزبان قابل مدل‌سازی ندارند." }, "geometry": { "type": "Polygon", "coordinates": [ [ [ 54.266139545192814, 29.174718047147074 ], [ 54.266019971239501, 29.179225755849533 ], [ 54.271156478367729, 29.179330605732851 ], [ 54.271275828350085, 29.174822877746678 ], [ 54.266139545192814, 29.174718047147074 ] ] ] } },
{ "type": "Feature", "properties": { "grid_id": "GRID-301", "commodity": "iron", "model_status": "BLOCKED_INSUFFICIENT_DATA", "prospectivity_score": "<NA>", "blocking_reason_fa": "رکوردهای آهن موجود مختصات معدن منفرد و لایه میزبان قابل مدل‌سازی ندارند." }, "geometry": { "type": "Polygon", "coordinates": [ [ [ 54.266019971239501, 29.179225755849533 ], [ 54.265900369983576, 29.18373346106787 ], [ 54.271037101133821, 29.183838330236537 ], [ 54.271156478367729, 29.179330605732851 ], [ 54.266019971239501, 29.179225755849533 ] ] ] } },
{ "type": "Feature", "properties": { "grid_id": "GRID-302", "commodity": "iron", "model_status": "BLOCKED_INSUFFICIENT_DATA", "prospectivity_score": "<NA>", "blocking_reason_fa": "رکوردهای آهن موجود مختصات معدن منفرد و لایه میزبان قابل مدل‌سازی ندارند." }, "geometry": { "type": "Polygon", "coordinates": [ [ [ 54.265900369983576, 29.18373346106787 ], [ 54.265780741420016, 29.188241162801667 ], [ 54.270917696643323, 29.188346051257344 ], [ 54.271037101133821, 29.183838330236537 ], [ 54.265900369983576, 29.18373346106787 ] ] ] } },
{ "type": "Feature", "properties": { "grid_id": "GRID-303", "commodity": "iron", "model_status": "BLOCKED_INSUFFICIENT_DATA", "prospectivity_score": "<NA>", "blocking_reason_fa": "رکوردهای آهن موجود مختصات معدن منفرد و لایه میزبان قابل مدل‌سازی ندارند." }, "geometry": { "type": "Polygon", "coordinates": [ [ [ 54.265780741420016, 29.188241162801667 ], [ 54.265661085543783, 29.192748861050536 ], [ 54.270798264891233, 29.192853768794865 ], [ 54.270917696643323, 29.188346051257344 ], [ 54.265780741420016, 29.188241162801667 ] ] ] } },
{ "type": "Feature", "properties": { "grid_id": "GRID-304", "commodity": "iron", "model_status": "BLOCKED_INSUFFICIENT_DATA", "prospectivity_score": "<NA>", "blocking_reason_fa": "رکوردهای آهن موجود مختصات معدن منفرد و لایه میزبان قابل مدل‌سازی ندارند." }, "geometry": { "type": "Polygon", "coordinates": [ [ [ 54.265661085543783, 29.192748861050536 ], [ 54.265541402349832, 29.197256555814068 ], [ 54.2706788058725, 29.197361482848684 ], [ 54.270798264891233, 29.192853768794865 ], [ 54.265661085543783, 29.192748861050536 ] ] ] } },
{ "type": "Feature", "properties": { "grid_id": "GRID-305", "commodity": "iron", "model_status": "BLOCKED_INSUFFICIENT_DATA", "prospectivity_score": "<NA>", "blocking_reason_fa": "رکوردهای آهن موجود مختصات معدن منفرد و لایه میزبان قابل مدل‌سازی ندارند." }, "geometry": { "type": "Polygon", "coordinates": [ [ [ 54.265541402349832, 29.197256555814068 ], [ 54.265421691833126, 29.201764247091816 ], [ 54.270559319582098, 29.201869193418375 ], [ 54.2706788058725, 29.197361482848684 ], [ 54.265541402349832, 29.197256555814068 ] ] ] } },
{ "type": "Feature", "properties": { "grid_id": "GRID-306", "commodity": "iron", "model_status": "BLOCKED_INSUFFICIENT_DATA", "prospectivity_score": "<NA>", "blocking_reason_fa": "رکوردهای آهن موجود مختصات معدن منفرد و لایه میزبان قابل مدل‌سازی ندارند." }, "geometry": { "type": "Polygon", "coordinates": [ [ [ 54.270559319582098, 29.201869193418375 ], [ 54.265421691833126, 29.201764247091816 ], [ 54.265335576377531, 29.205006280310492 ], [ 54.270476184507991, 29.205004917951939 ], [ 54.270559319582098, 29.201869193418375 ] ] ] } },
{ "type": "Feature", "properties": { "grid_id": "GRID-307", "commodity": "iron", "model_status": "BLOCKED_INSUFFICIENT_DATA", "prospectivity_score": "<NA>", "blocking_reason_fa": "رکوردهای آهن موجود مختصات معدن منفرد و لایه میزبان قابل مدل‌سازی ندارند." }, "geometry": { "type": "Polygon", "coordinates": [ [ [ 54.272348752700012, 29.13425316922811 ], [ 54.277483049615761, 29.134357630023516 ], [ 54.277597874187663, 29.130002699408251 ], [ 54.272460991363516, 29.130004332055243 ], [ 54.272348752700012, 29.13425316922811 ] ] ] } },
{ "type": "Feature", "properties": { "grid_id": "GRID-308", "commodity": "iron", "model_status": "BLOCKED_INSUFFICIENT_DATA", "prospectivity_score": "<NA>", "blocking_reason_fa": "رکوردهای آهن موجود مختصات معدن منفرد و لایه میزبان قابل مدل‌سازی ندارند." }, "geometry": { "type": "Polygon", "coordinates": [ [ [ 54.272348752700012, 29.13425316922811 ], [ 54.272229647755708, 29.138760928537941 ], [ 54.277364168188392, 29.138865408566176 ], [ 54.277483049615761, 29.134357630023516 ], [ 54.272348752700012, 29.13425316922811 ] ] ] } },
{ "type": "Feature", "properties": { "grid_id": "GRID-309", "commodity": "iron", "model_status": "BLOCKED_INSUFFICIENT_DATA", "prospectivity_score": "<NA>", "blocking_reason_fa": "رکوردهای آهن موجود مختصات معدن منفرد و لایه میزبان قابل مدل‌سازی ندارند." }, "geometry": { "type": "Polygon", "coordinates": [ [ [ 54.272229647755708, 29.138760928537941 ], [ 54.272110515605014, 29.143268684369012 ], [ 54.2772452596056, 29.143373183631713 ], [ 54.277364168188392, 29.138865408566176 ], [ 54.272229647755708, 29.138760928537941 ] ] ] } },
{ "type": "Feature", "properties": { "grid_id": "GRID-310", "commodity": "iron", "model_status": "BLOCKED_INSUFFICIENT_DATA", "prospectivity_score": "<NA>", "blocking_reason_fa": "رکوردهای آهن موجود مختصات معدن منفرد و لایه میزبان قابل مدل‌سازی ندارند." }, "geometry": { "type": "Polygon", "coordinates": [ [ [ 54.272110515605014, 29.143268684369012 ], [ 54.271991356242921, 29.147776436720918 ], [ 54.277126323862383, 29.14788095521973 ], [ 54.2772452596056, 29.143373183631713 ], [ 54.272110515605014, 29.143268684369012 ] ] ] } },
{ "type": "Feature", "properties": { "grid_id": "GRID-311", "commodity": "iron", "model_status": "BLOCKED_INSUFFICIENT_DATA", "prospectivity_score": "<NA>", "blocking_reason_fa": "رکوردهای آهن موجود مختصات معدن منفرد و لایه میزبان قابل مدل‌سازی ندارند." }, "geometry": { "type": "Polygon", "coordinates": [ [ [ 54.271991356242921, 29.147776436720918 ], [ 54.271872169664405, 29.152284185593238 ], [ 54.277007360953739, 29.1523887233298 ], [ 54.277126323862383, 29.14788095521973 ], [ 54.271991356242921, 29.147776436720918 ] ] ] } },
{ "type": "Feature", "properties": { "grid_id": "GRID-312", "commodity": "iron", "model_status": "BLOCKED_INSUFFICIENT_DATA", "prospectivity_score": "<NA>", "blocking_reason_fa": "رکوردهای آهن موجود مختصات معدن منفرد و لایه میزبان قابل مدل‌سازی ندارند." }, "geometry": { "type": "Polygon", "coordinates": [ [ [ 54.271872169664405, 29.152284185593238 ], [ 54.271752955864471, 29.15679193098557 ], [ 54.276888370874673, 29.156896487961511 ], [ 54.277007360953739, 29.1523887233298 ], [ 54.271872169664405, 29.152284185593238 ] ] ] } },
{ "type": "Feature", "properties": { "grid_id": "GRID-313", "commodity": "iron", "model_status": "BLOCKED_INSUFFICIENT_DATA", "prospectivity_score": "<NA>", "blocking_reason_fa": "رکوردهای آهن موجود مختصات معدن منفرد و لایه میزبان قابل مدل‌سازی ندارند." }, "geometry": { "type": "Polygon", "coordinates": [ [ [ 54.271752955864471, 29.15679193098557 ], [ 54.271633714838089, 29.161299672897481 ], [ 54.276769353620153, 29.161404249114447 ], [ 54.276888370874673, 29.156896487961511 ], [ 54.271752955864471, 29.15679193098557 ] ] ] } },
{ "type": "Feature", "properties": { "grid_id": "GRID-314", "commodity": "iron", "model_status": "BLOCKED_INSUFFICIENT_DATA", "prospectivity_score": "<NA>", "blocking_reason_fa": "رکوردهای آهن موجود مختصات معدن منفرد و لایه میزبان قابل مدل‌سازی ندارند." }, "geometry": { "type": "Polygon", "coordinates": [ [ [ 54.271633714838089, 29.161299672897481 ], [ 54.271514446580248, 29.165807411328583 ], [ 54.276650309185193, 29.165912006788204 ], [ 54.276769353620153, 29.161404249114447 ], [ 54.271633714838089, 29.161299672897481 ] ] ] } },
{ "type": "Feature", "properties": { "grid_id": "GRID-315", "commodity": "iron", "model_status": "BLOCKED_INSUFFICIENT_DATA", "prospectivity_score": "<NA>", "blocking_reason_fa": "رکوردهای آهن موجود مختصات معدن منفرد و لایه میزبان قابل مدل‌سازی ندارند." }, "geometry": { "type": "Polygon", "coordinates": [ [ [ 54.271514446580248, 29.165807411328583 ], [ 54.271395151085919, 29.170315146278451 ], [ 54.276531237564775, 29.170419760982377 ], [ 54.276650309185193, 29.165912006788204 ], [ 54.271514446580248, 29.165807411328583 ] ] ] } },
{ "type": "Feature", "properties": { "grid_id": "GRID-316", "commodity": "iron", "model_status": "BLOCKED_INSUFFICIENT_DATA", "prospectivity_score": "<NA>", "blocking_reason_fa": "رکوردهای آهن موجود مختصات معدن منفرد و لایه میزبان قابل مدل‌سازی ندارند." }, "geometry": { "type": "Polygon", "coordinates": [ [ [ 54.271395151085919, 29.170315146278451 ], [ 54.271275828350085, 29.174822877746678 ], [ 54.276412138753884, 29.174927511696538 ], [ 54.276531237564775, 29.170419760982377 ], [ 54.271395151085919, 29.170315146278451 ] ] ] } },
{ "type": "Feature", "properties": { "grid_id": "GRID-317", "commodity": "iron", "model_status": "BLOCKED_INSUFFICIENT_DATA", "prospectivity_score": "<NA>", "blocking_reason_fa": "رکوردهای آهن موجود مختصات معدن منفرد و لایه میزبان قابل مدل‌سازی ندارند." }, "geometry": { "type": "Polygon", "coordinates": [ [ [ 54.271275828350085, 29.174822877746678 ], [ 54.271156478367729, 29.179330605732851 ], [ 54.276293012747509, 29.179435258930283 ], [ 54.276412138753884, 29.174927511696538 ], [ 54.271275828350085, 29.174822877746678 ] ] ] } },
{ "type": "Feature", "properties": { "grid_id": "GRID-318", "commodity": "iron", "model_status": "BLOCKED_INSUFFICIENT_DATA", "prospectivity_score": "<NA>", "blocking_reason_fa": "رکوردهای آهن موجود مختصات معدن منفرد و لایه میزبان قابل مدل‌سازی ندارند." }, "geometry": { "type": "Polygon", "coordinates": [ [ [ 54.271156478367729, 29.179330605732851 ], [ 54.271037101133821, 29.183838330236537 ], [ 54.276173859540634, 29.183943002683208 ], [ 54.276293012747509, 29.179435258930283 ], [ 54.271156478367729, 29.179330605732851 ] ] ] } },
{ "type": "Feature", "properties": { "grid_id": "GRID-319", "commodity": "iron", "model_status": "BLOCKED_INSUFFICIENT_DATA", "prospectivity_score": "<NA>", "blocking_reason_fa": "رکوردهای آهن موجود مختصات معدن منفرد و لایه میزبان قابل مدل‌سازی ندارند." }, "geometry": { "type": "Polygon", "coordinates": [ [ [ 54.271037101133821, 29.183838330236537 ], [ 54.270917696643323, 29.188346051257344 ], [ 54.276054679128237, 29.188450742954871 ], [ 54.276173859540634, 29.183943002683208 ], [ 54.271037101133821, 29.183838330236537 ] ] ] } },
{ "type": "Feature", "properties": { "grid_id": "GRID-320", "commodity": "iron", "model_status": "BLOCKED_INSUFFICIENT_DATA", "prospectivity_score": "<NA>", "blocking_reason_fa": "رکوردهای آهن موجود مختصات معدن منفرد و لایه میزبان قابل مدل‌سازی ندارند." }, "geometry": { "type": "Polygon", "coordinates": [ [ [ 54.270917696643323, 29.188346051257344 ], [ 54.270798264891233, 29.192853768794865 ], [ 54.275935471505314, 29.192958479744895 ], [ 54.276054679128237, 29.188450742954871 ], [ 54.270917696643323, 29.188346051257344 ] ] ] } },
{ "type": "Feature", "properties": { "grid_id": "GRID-321", "commodity": "iron", "model_status": "BLOCKED_INSUFFICIENT_DATA", "prospectivity_score": "<NA>", "blocking_reason_fa": "رکوردهای آهن موجود مختصات معدن منفرد و لایه میزبان قابل مدل‌سازی ندارند." }, "geometry": { "type": "Polygon", "coordinates": [ [ [ 54.270798264891233, 29.192853768794865 ], [ 54.2706788058725, 29.197361482848684 ], [ 54.275816236666834, 29.197466213052856 ], [ 54.275935471505314, 29.192958479744895 ], [ 54.270798264891233, 29.192853768794865 ] ] ] } },
{ "type": "Feature", "properties": { "grid_id": "GRID-322", "commodity": "iron", "model_status": "BLOCKED_INSUFFICIENT_DATA", "prospectivity_score": "<NA>", "blocking_reason_fa": "رکوردهای آهن موجود مختصات معدن منفرد و لایه میزبان قابل مدل‌سازی ندارند." }, "geometry": { "type": "Polygon", "coordinates": [ [ [ 54.2706788058725, 29.197361482848684 ], [ 54.270559319582098, 29.201869193418375 ], [ 54.275696974607769, 29.201973942878329 ], [ 54.275816236666834, 29.197466213052856 ], [ 54.2706788058725, 29.197361482848684 ] ] ] } },
{ "type": "Feature", "properties": { "grid_id": "GRID-323", "commodity": "iron", "model_status": "BLOCKED_INSUFFICIENT_DATA", "prospectivity_score": "<NA>", "blocking_reason_fa": "رکوردهای آهن موجود مختصات معدن منفرد و لایه میزبان قابل مدل‌سازی ندارند." }, "geometry": { "type": "Polygon", "coordinates": [ [ [ 54.275696974607769, 29.201973942878329 ], [ 54.270559319582098, 29.201869193418375 ], [ 54.270476184507991, 29.205004917951939 ], [ 54.275616809322905, 29.205003357790375 ], [ 54.275696974607769, 29.201973942878329 ] ] ] } },
{ "type": "Feature", "properties": { "grid_id": "GRID-324", "commodity": "iron", "model_status": "BLOCKED_INSUFFICIENT_DATA", "prospectivity_score": "<NA>", "blocking_reason_fa": "رکوردهای آهن موجود مختصات معدن منفرد و لایه میزبان قابل مدل‌سازی ندارند." }, "geometry": { "type": "Polygon", "coordinates": [ [ [ 54.277483049615761, 29.134357630023516 ], [ 54.28261737368193, 29.134461894490471 ], [ 54.282734773626359, 29.130000869561577 ], [ 54.277597874187663, 29.130002699408251 ], [ 54.277483049615761, 29.134357630023516 ] ] ] } },
{ "type": "Feature", "properties": { "grid_id": "GRID-325", "commodity": "iron", "model_status": "BLOCKED_INSUFFICIENT_DATA", "prospectivity_score": "<NA>", "blocking_reason_fa": "رکوردهای آهن موجود مختصات معدن منفرد و لایه میزبان قابل مدل‌سازی ندارند." }, "geometry": { "type": "Polygon", "coordinates": [ [ [ 54.277483049615761, 29.134357630023516 ], [ 54.277364168188392, 29.138865408566176 ], [ 54.282498715776498, 29.138969692229853 ], [ 54.28261737368193, 29.134461894490471 ], [ 54.277483049615761, 29.134357630023516 ] ] ] } },
{ "type": "Feature", "properties": { "grid_id": "GRID-326", "commodity": "iron", "model_status": "BLOCKED_INSUFFICIENT_DATA", "prospectivity_score": "<NA>", "blocking_reason_fa": "رکوردهای آهن موجود مختصات معدن منفرد و لایه میزبان قابل مدل‌سازی ندارند." }, "geometry": { "type": "Polygon", "coordinates": [ [ [ 54.277364168188392, 29.138865408566176 ], [ 54.2772452596056, 29.143373183631713 ], [ 54.28238003076661, 29.143477486493758 ], [ 54.282498715776498, 29.138969692229853 ], [ 54.277364168188392, 29.138865408566176 ] ] ] } },
{ "type": "Feature", "properties": { "grid_id": "GRID-327", "commodity": "iron", "model_status": "BLOCKED_INSUFFICIENT_DATA", "prospectivity_score": "<NA>", "blocking_reason_fa": "رکوردهای آهن موجود مختصات معدن منفرد و لایه میزبان قابل مدل‌سازی ندارند." }, "geometry": { "type": "Polygon", "coordinates": [ [ [ 54.2772452596056, 29.143373183631713 ], [ 54.277126323862383, 29.14788095521973 ], [ 54.282261318647279, 29.147985277281766 ], [ 54.28238003076661, 29.143477486493758 ], [ 54.2772452596056, 29.143373183631713 ] ] ] } },
{ "type": "Feature", "properties": { "grid_id": "GRID-328", "commodity": "iron", "model_status": "BLOCKED_INSUFFICIENT_DATA", "prospectivity_score": "<NA>", "blocking_reason_fa": "رکوردهای آهن موجود مختصات معدن منفرد و لایه میزبان قابل مدل‌سازی ندارند." }, "geometry": { "type": "Polygon", "coordinates": [ [ [ 54.277126323862383, 29.14788095521973 ], [ 54.277007360953739, 29.1523887233298 ], [ 54.28214257941351, 29.152493064593457 ], [ 54.282261318647279, 29.147985277281766 ], [ 54.277126323862383, 29.14788095521973 ] ] ] } },
{ "type": "Feature", "properties": { "grid_id": "GRID-329", "commodity": "iron", "model_status": "BLOCKED_INSUFFICIENT_DATA", "prospectivity_score": "<NA>", "blocking_reason_fa": "رکوردهای آهن موجود مختصات معدن منفرد و لایه میزبان قابل مدل‌سازی ندارند." }, "geometry": { "type": "Polygon", "coordinates": [ [ [ 54.277007360953739, 29.1523887233298 ], [ 54.276888370874673, 29.156896487961511 ], [ 54.282023813060306, 29.157000848428424 ], [ 54.28214257941351, 29.152493064593457 ], [ 54.277007360953739, 29.1523887233298 ] ] ] } },
{ "type": "Feature", "properties": { "grid_id": "GRID-330", "commodity": "iron", "model_status": "BLOCKED_INSUFFICIENT_DATA", "prospectivity_score": "<NA>", "blocking_reason_fa": "رکوردهای آهن موجود مختصات معدن منفرد و لایه میزبان قابل مدل‌سازی ندارند." }, "geometry": { "type": "Polygon", "coordinates": [ [ [ 54.276888370874673, 29.156896487961511 ], [ 54.276769353620153, 29.161404249114447 ], [ 54.281905019582673, 29.161508628786265 ], [ 54.282023813060306, 29.157000848428424 ], [ 54.276888370874673, 29.156896487961511 ] ] ] } },
{ "type": "Feature", "properties": { "grid_id": "GRID-331", "commodity": "iron", "model_status": "BLOCKED_INSUFFICIENT_DATA", "prospectivity_score": "<NA>", "blocking_reason_fa": "رکوردهای آهن موجود مختصات معدن منفرد و لایه میزبان قابل مدل‌سازی ندارند." }, "geometry": { "type": "Polygon", "coordinates": [ [ [ 54.276769353620153, 29.161404249114447 ], [ 54.276650309185193, 29.165912006788204 ], [ 54.281786198975603, 29.166016405666564 ], [ 54.281905019582673, 29.161508628786265 ], [ 54.276769353620153, 29.161404249114447 ] ] ] } },
{ "type": "Feature", "properties": { "grid_id": "GRID-332", "commodity": "iron", "model_status": "BLOCKED_INSUFFICIENT_DATA", "prospectivity_score": "<NA>", "blocking_reason_fa": "رکوردهای آهن موجود مختصات معدن منفرد و لایه میزبان قابل مدل‌سازی ندارند." }, "geometry": { "type": "Polygon", "coordinates": [ [ [ 54.276650309185193, 29.165912006788204 ], [ 54.276531237564775, 29.170419760982377 ], [ 54.281667351234098, 29.170524179068895 ], [ 54.281786198975603, 29.166016405666564 ], [ 54.276650309185193, 29.165912006788204 ] ] ] } },
{ "type": "Feature", "properties": { "grid_id": "GRID-333", "commodity": "iron", "model_status": "BLOCKED_INSUFFICIENT_DATA", "prospectivity_score": "<NA>", "blocking_reason_fa": "رکوردهای آهن موجود مختصات معدن منفرد و لایه میزبان قابل مدل‌سازی ندارند." }, "geometry": { "type": "Polygon", "coordinates": [ [ [ 54.276531237564775, 29.170419760982377 ], [ 54.276412138753884, 29.174927511696538 ], [ 54.281548476353166, 29.175031948992864 ], [ 54.281667351234098, 29.170524179068895 ], [ 54.276531237564775, 29.170419760982377 ] ] ] } },
{ "type": "Feature", "properties": { "grid_id": "GRID-334", "commodity": "iron", "model_status": "BLOCKED_INSUFFICIENT_DATA", "prospectivity_score": "<NA>", "blocking_reason_fa": "رکوردهای آهن موجود مختصات معدن منفرد و لایه میزبان قابل مدل‌سازی ندارند." }, "geometry": { "type": "Polygon", "coordinates": [ [ [ 54.276412138753884, 29.174927511696538 ], [ 54.276293012747509, 29.179435258930283 ], [ 54.281429574327795, 29.179539715438047 ], [ 54.281548476353166, 29.175031948992864 ], [ 54.276412138753884, 29.174927511696538 ] ] ] } },
{ "type": "Feature", "properties": { "grid_id": "GRID-335", "commodity": "iron", "model_status": "BLOCKED_INSUFFICIENT_DATA", "prospectivity_score": "<NA>", "blocking_reason_fa": "رکوردهای آهن موجود مختصات معدن منفرد و لایه میزبان قابل مدل‌سازی ندارند." }, "geometry": { "type": "Polygon", "coordinates": [ [ [ 54.276293012747509, 29.179435258930283 ], [ 54.276173859540634, 29.183943002683208 ], [ 54.281310645152971, 29.18404747840405 ], [ 54.281429574327795, 29.179539715438047 ], [ 54.276293012747509, 29.179435258930283 ] ] ] } },
{ "type": "Feature", "properties": { "grid_id": "GRID-336", "commodity": "iron", "model_status": "BLOCKED_INSUFFICIENT_DATA", "prospectivity_score": "<NA>", "blocking_reason_fa": "رکوردهای آهن موجود مختصات معدن منفرد و لایه میزبان قابل مدل‌سازی ندارند." }, "geometry": { "type": "Polygon", "coordinates": [ [ [ 54.276173859540634, 29.183943002683208 ], [ 54.276054679128237, 29.188450742954871 ], [ 54.281191688823689, 29.18855523789043 ], [ 54.281310645152971, 29.18404747840405 ], [ 54.276173859540634, 29.183943002683208 ] ] ] } },
{ "type": "Feature", "properties": { "grid_id": "GRID-337", "commodity": "iron", "model_status": "BLOCKED_INSUFFICIENT_DATA", "prospectivity_score": "<NA>", "blocking_reason_fa": "رکوردهای آهن موجود مختصات معدن منفرد و لایه میزبان قابل مدل‌سازی ندارند." }, "geometry": { "type": "Polygon", "coordinates": [ [ [ 54.276054679128237, 29.188450742954871 ], [ 54.275935471505314, 29.192958479744895 ], [ 54.281072705334957, 29.193062993896817 ], [ 54.281191688823689, 29.18855523789043 ], [ 54.276054679128237, 29.188450742954871 ] ] ] } },
{ "type": "Feature", "properties": { "grid_id": "GRID-338", "commodity": "iron", "model_status": "BLOCKED_INSUFFICIENT_DATA", "prospectivity_score": "<NA>", "blocking_reason_fa": "رکوردهای آهن موجود مختصات معدن منفرد و لایه میزبان قابل مدل‌سازی ندارند." }, "geometry": { "type": "Polygon", "coordinates": [ [ [ 54.275935471505314, 29.192958479744895 ], [ 54.275816236666834, 29.197466213052856 ], [ 54.280953694681742, 29.19757074642277 ], [ 54.281072705334957, 29.193062993896817 ], [ 54.275935471505314, 29.192958479744895 ] ] ] } },
{ "type": "Feature", "properties": { "grid_id": "GRID-339", "commodity": "iron", "model_status": "BLOCKED_INSUFFICIENT_DATA", "prospectivity_score": "<NA>", "blocking_reason_fa": "رکوردهای آهن موجود مختصات معدن منفرد و لایه میزبان قابل مدل‌سازی ندارند." }, "geometry": { "type": "Polygon", "coordinates": [ [ [ 54.275816236666834, 29.197466213052856 ], [ 54.275696974607769, 29.201973942878329 ], [ 54.280834656859042, 29.202078495467891 ], [ 54.280953694681742, 29.19757074642277 ], [ 54.275816236666834, 29.197466213052856 ] ] ] } },
{ "type": "Feature", "properties": { "grid_id": "GRID-340", "commodity": "iron", "model_status": "BLOCKED_INSUFFICIENT_DATA", "prospectivity_score": "<NA>", "blocking_reason_fa": "رکوردهای آهن موجود مختصات معدن منفرد و لایه میزبان قابل مدل‌سازی ندارند." }, "geometry": { "type": "Polygon", "coordinates": [ [ [ 54.280834656859042, 29.202078495467891 ], [ 54.275696974607769, 29.201973942878329 ], [ 54.275616809322905, 29.205003357790375 ], [ 54.280757450770885, 29.20500159982458 ], [ 54.280834656859042, 29.202078495467891 ] ] ] } },
{ "type": "Feature", "properties": { "grid_id": "GRID-341", "commodity": "iron", "model_status": "BLOCKED_INSUFFICIENT_DATA", "prospectivity_score": "<NA>", "blocking_reason_fa": "رکوردهای آهن موجود مختصات معدن منفرد و لایه میزبان قابل مدل‌سازی ندارند." }, "geometry": { "type": "Polygon", "coordinates": [ [ [ 54.28261737368193, 29.134461894490471 ], [ 54.285000130794877, 29.134510215064271 ], [ 54.285, 29.13 ], [ 54.282734773626359, 29.130000869561577 ], [ 54.28261737368193, 29.134461894490471 ] ] ] } },
{ "type": "Feature", "properties": { "grid_id": "GRID-342", "commodity": "iron", "model_status": "BLOCKED_INSUFFICIENT_DATA", "prospectivity_score": "<NA>", "blocking_reason_fa": "رکوردهای آهن موجود مختصات معدن منفرد و لایه میزبان قابل مدل‌سازی ندارند." }, "geometry": { "type": "Polygon", "coordinates": [ [ [ 54.28261737368193, 29.134461894490471 ], [ 54.282498715776498, 29.138969692229853 ], [ 54.285000244859361, 29.139020427435042 ], [ 54.285000130794877, 29.134510215064271 ], [ 54.28261737368193, 29.134461894490471 ] ] ] } },
{ "type": "Feature", "properties": { "grid_id": "GRID-343", "commodity": "iron", "model_status": "BLOCKED_INSUFFICIENT_DATA", "prospectivity_score": "<NA>", "blocking_reason_fa": "رکوردهای آهن موجود مختصات معدن منفرد و لایه میزبان قابل مدل‌سازی ندارند." }, "geometry": { "type": "Polygon", "coordinates": [ [ [ 54.282498715776498, 29.138969692229853 ], [ 54.28238003076661, 29.143477486493758 ], [ 54.285000342191999, 29.143530637111954 ], [ 54.285000244859361, 29.139020427435042 ], [ 54.282498715776498, 29.138969692229853 ] ] ] } },
{ "type": "Feature", "properties": { "grid_id": "GRID-344", "commodity": "iron", "model_status": "BLOCKED_INSUFFICIENT_DATA", "prospectivity_score": "<NA>", "blocking_reason_fa": "رکوردهای آهن موجود مختصات معدن منفرد و لایه میزبان قابل مدل‌سازی ندارند." }, "geometry": { "type": "Polygon", "coordinates": [ [ [ 54.28238003076661, 29.143477486493758 ], [ 54.282261318647279, 29.147985277281766 ], [ 54.285000422791342, 29.148040844094663 ], [ 54.285000342191999, 29.143530637111954 ], [ 54.28238003076661, 29.143477486493758 ] ] ] } },
{ "type": "Feature", "properties": { "grid_id": "GRID-345", "commodity": "iron", "model_status": "BLOCKED_INSUFFICIENT_DATA", "prospectivity_score": "<NA>", "blocking_reason_fa": "رکوردهای آهن موجود مختصات معدن منفرد و لایه میزبان قابل مدل‌سازی ندارند." }, "geometry": { "type": "Polygon", "coordinates": [ [ [ 54.282261318647279, 29.147985277281766 ], [ 54.28214257941351, 29.152493064593457 ], [ 54.285000486655939, 29.152551048382787 ], [ 54.285000422791342, 29.148040844094663 ], [ 54.282261318647279, 29.147985277281766 ] ] ] } },
{ "type": "Feature", "properties": { "grid_id": "GRID-346", "commodity": "iron", "model_status": "BLOCKED_INSUFFICIENT_DATA", "prospectivity_score": "<NA>", "blocking_reason_fa": "رکوردهای آهن موجود مختصات معدن منفرد و لایه میزبان قابل مدل‌سازی ندارند." }, "geometry": { "type": "Polygon", "coordinates": [ [ [ 54.28214257941351, 29.152493064593457 ], [ 54.282023813060306, 29.157000848428424 ], [ 54.285000533784348, 29.157061249975992 ], [ 54.285000486655939, 29.152551048382787 ], [ 54.28214257941351, 29.152493064593457 ] ] ] } },
{ "type": "Feature", "properties": { "grid_id": "GRID-347", "commodity": "iron", "model_status": "BLOCKED_INSUFFICIENT_DATA", "prospectivity_score": "<NA>", "blocking_reason_fa": "رکوردهای آهن موجود مختصات معدن منفرد و لایه میزبان قابل مدل‌سازی ندارند." }, "geometry": { "type": "Polygon", "coordinates": [ [ [ 54.282023813060306, 29.157000848428424 ], [ 54.281905019582673, 29.161508628786265 ], [ 54.285000564175121, 29.161571448873911 ], [ 54.285000533784348, 29.157061249975992 ], [ 54.282023813060306, 29.157000848428424 ] ] ] } },
{ "type": "Feature", "properties": { "grid_id": "GRID-348", "commodity": "iron", "model_status": "BLOCKED_INSUFFICIENT_DATA", "prospectivity_score": "<NA>", "blocking_reason_fa": "رکوردهای آهن موجود مختصات معدن منفرد و لایه میزبان قابل مدل‌سازی ندارند." }, "geometry": { "type": "Polygon", "coordinates": [ [ [ 54.281905019582673, 29.161508628786265 ], [ 54.281786198975603, 29.166016405666564 ], [ 54.285000577826807, 29.166081645076193 ], [ 54.285000564175121, 29.161571448873911 ], [ 54.281905019582673, 29.161508628786265 ] ] ] } },
{ "type": "Feature", "properties": { "grid_id": "GRID-349", "commodity": "iron", "model_status": "BLOCKED_INSUFFICIENT_DATA", "prospectivity_score": "<NA>", "blocking_reason_fa": "رکوردهای آهن موجود مختصات معدن منفرد و لایه میزبان قابل مدل‌سازی ندارند." }, "geometry": { "type": "Polygon", "coordinates": [ [ [ 54.281786198975603, 29.166016405666564 ], [ 54.281667351234098, 29.170524179068895 ], [ 54.285000574737964, 29.170591838582478 ], [ 54.285000577826807, 29.166081645076193 ], [ 54.281786198975603, 29.166016405666564 ] ] ] } },
{ "type": "Feature", "properties": { "grid_id": "GRID-350", "commodity": "iron", "model_status": "BLOCKED_INSUFFICIENT_DATA", "prospectivity_score": "<NA>", "blocking_reason_fa": "رکوردهای آهن موجود مختصات معدن منفرد و لایه میزبان قابل مدل‌سازی ندارند." }, "geometry": { "type": "Polygon", "coordinates": [ [ [ 54.281667351234098, 29.170524179068895 ], [ 54.281548476353166, 29.175031948992864 ], [ 54.285000554907121, 29.175102029392409 ], [ 54.285000574737964, 29.170591838582478 ], [ 54.281667351234098, 29.170524179068895 ] ] ] } },
{ "type": "Feature", "properties": { "grid_id": "GRID-351", "commodity": "iron", "model_status": "BLOCKED_INSUFFICIENT_DATA", "prospectivity_score": "<NA>", "blocking_reason_fa": "رکوردهای آهن موجود مختصات معدن منفرد و لایه میزبان قابل مدل‌سازی ندارند." }, "geometry": { "type": "Polygon", "coordinates": [ [ [ 54.281548476353166, 29.175031948992864 ], [ 54.281429574327795, 29.179539715438047 ], [ 54.285000518332843, 29.179612217505639 ], [ 54.285000554907121, 29.175102029392409 ], [ 54.281548476353166, 29.175031948992864 ] ] ] } },
{ "type": "Feature", "properties": { "grid_id": "GRID-352", "commodity": "iron", "model_status": "BLOCKED_INSUFFICIENT_DATA", "prospectivity_score": "<NA>", "blocking_reason_fa": "رکوردهای آهن موجود مختصات معدن منفرد و لایه میزبان قابل مدل‌سازی ندارند." }, "geometry": { "type": "Polygon", "coordinates": [ [ [ 54.281429574327795, 29.179539715438047 ], [ 54.281310645152971, 29.18404747840405 ], [ 54.28500046501366, 29.184122402921808 ], [ 54.285000518332843, 29.179612217505639 ], [ 54.281429574327795, 29.179539715438047 ] ] ] } },
{ "type": "Feature", "properties": { "grid_id": "GRID-353", "commodity": "iron", "model_status": "BLOCKED_INSUFFICIENT_DATA", "prospectivity_score": "<NA>", "blocking_reason_fa": "رکوردهای آهن موجود مختصات معدن منفرد و لایه میزبان قابل مدل‌سازی ندارند." }, "geometry": { "type": "Polygon", "coordinates": [ [ [ 54.281310645152971, 29.18404747840405 ], [ 54.281191688823689, 29.18855523789043 ], [ 54.285000394948142, 29.188632585640534 ], [ 54.28500046501366, 29.184122402921808 ], [ 54.281310645152971, 29.18404747840405 ] ] ] } },
{ "type": "Feature", "properties": { "grid_id": "GRID-354", "commodity": "iron", "model_status": "BLOCKED_INSUFFICIENT_DATA", "prospectivity_score": "<NA>", "blocking_reason_fa": "رکوردهای آهن موجود مختصات معدن منفرد و لایه میزبان قابل مدل‌سازی ندارند." }, "geometry": { "type": "Polygon", "coordinates": [ [ [ 54.281191688823689, 29.18855523789043 ], [ 54.281072705334957, 29.193062993896817 ], [ 54.285000308134819, 29.193142765661509 ], [ 54.285000394948142, 29.188632585640534 ], [ 54.281191688823689, 29.18855523789043 ] ] ] } },
{ "type": "Feature", "properties": { "grid_id": "GRID-355", "commodity": "iron", "model_status": "BLOCKED_INSUFFICIENT_DATA", "prospectivity_score": "<NA>", "blocking_reason_fa": "رکوردهای آهن موجود مختصات معدن منفرد و لایه میزبان قابل مدل‌سازی ندارند." }, "geometry": { "type": "Polygon", "coordinates": [ [ [ 54.281072705334957, 29.193062993896817 ], [ 54.280953694681742, 29.19757074642277 ], [ 54.285000204572235, 29.197652942984352 ], [ 54.285000308134819, 29.193142765661509 ], [ 54.281072705334957, 29.193062993896817 ] ] ] } },
{ "type": "Feature", "properties": { "grid_id": "GRID-356", "commodity": "iron", "model_status": "BLOCKED_INSUFFICIENT_DATA", "prospectivity_score": "<NA>", "blocking_reason_fa": "رکوردهای آهن موجود مختصات معدن منفرد و لایه میزبان قابل مدل‌سازی ندارند." }, "geometry": { "type": "Polygon", "coordinates": [ [ [ 54.280953694681742, 29.19757074642277 ], [ 54.280834656859042, 29.202078495467891 ], [ 54.285000084258947, 29.202163117608706 ], [ 54.285000204572235, 29.197652942984352 ], [ 54.280953694681742, 29.19757074642277 ] ] ] } },
{ "type": "Feature", "properties": { "grid_id": "GRID-357", "commodity": "iron", "model_status": "BLOCKED_INSUFFICIENT_DATA", "prospectivity_score": "<NA>", "blocking_reason_fa": "رکوردهای آهن موجود مختصات معدن منفرد و لایه میزبان قابل مدل‌سازی ندارند." }, "geometry": { "type": "Polygon", "coordinates": [ [ [ 54.280834656859042, 29.202078495467891 ], [ 54.280757450770885, 29.20500159982458 ], [ 54.285, 29.205 ], [ 54.285000084258947, 29.202163117608706 ], [ 54.280834656859042, 29.202078495467891 ] ] ] } }
]
}
